year,q_no,category,topic,question,choice1,choice2,choice3,choice4,explanation,difficulty,tags
2024,1,権利関係,民法/法律行為,法律行為に関する次の記述のうち、民法の規定によれば、正しいものはどれか。,営業を許された未成年者が、その営業に関する意思表示をした時に意思能力を有しなかっ た場合は、その法律行為は無効である。,公の秩序に反する法律行為であっても、当事者が納得して合意した場合には、その法律行 為は有効である。,詐欺による意思表示は取り消すことによって初めから無効であったとみなされるのに対し、 強迫による意思表示は取り消すまでもなく無効である。,他人が所有している土地を目的物にした売買契約は無効であるが、当該他人がその売買契 約を追認した場合にはその売買契約は有効となる。,【結論】正解A（1）。 / 【根拠】意思能力を欠く意思表示は無効。営業許可と意思能力は別概念。,3,R6;権利関係;民法/法律行為
2024,2,権利関係,民法/委任・準委任,委任契約・準委任契約に関する次の記述のうち、民法の規定及び判例によれば、 誤っているものはどれか。,売主が、売買契約の付随義務として、買主に対して、マンション専有部分内の防火戸の操 作方法につき説明義務を負う場合、業務において密接な関係にある売主から委託を受け、売 主と一体となって当該マンションの販売に関する一切の事務を行っていた宅地建物取引業者 も、買主に対して、防火戸の操作方法について説明する信義則上の義務を負うことがある。,受任者は、委任者の許諾を得たとき、又はやむを得ない事由があるときでなければ、復受 任者を選任することができない。,委任契約で本人が死亡しても代理権が消滅しない旨を合意して代理人に代理権を与えた場 合、本人が死亡しても代理権は消滅しない。,委任は、当事者の一方が仕事を完成することを相手方に約し、相手方がその仕事の結果に 対しその報酬を支払うことを約さなければ、その効力を生じない。,【結論】正解D（4）※「誤り」。  / 【根拠】完成を約するのは請負、委任は事務処理。,3,R6;権利関係;民法/委任・準委任
2024,3,権利関係,民法/共有,甲土地につき、Ａ、Ｂ、Ｃ、Ｄの 4 人がそれぞれ 4 分の 1 の共有持分を有してい て、Ａ、Ｂ、ＣのいずれもＤの所在を知ることができない場合に関する次の記述のうち、民法 の規定及び判例によれば、正しいものはどれか。なお、Ｄの共有持分は、相続財産には属して いないものとする。,甲土地に、その形状又は効用の著しい変更を伴う変更を加える場合には、共有者の過半数 の同意が必要であり、本件ではＡ、Ｂ、Ｃ 3 人の同意が必要となる。,甲土地の所有 権の登記名義人となっている者が所有者ではないＥである場合、持分に基づ いてＥに対して登記の抹消を求めるためには、所在が判明しているＡ、Ｂ、Ｃのうち 2 人の 同意が必要である。,Ａ、Ｂ、Ｃ 3 人の同意があれば、甲土地を資材置場として賃借したいＦとの間で期間を 3 年とする賃貸借契約を締結することができる。,Ａが裁判所に請求して、裁判所がＤの持分をＡに取得させる旨の決定をした場合、Ｄは、 その決定から 3 年以内に限り、Ａが取得したＤの共有持分の時価相当額をＡに対して支払う よう請求することができる。,【結論】正解C（3）。 / 【根拠】賃貸借3年は「管理行為」＝持分過半で決定可。,3,R6;権利関係;民法/共有
2024,4,権利関係,民法/契約と相続,Ａを売主、Ｂを買主として甲土地の売買契約（以下この問において「本件契約」 という。）が締結された直後にＡが死亡し、ＣがＡを単独相続した場合における次の記述のう ち、民法の規定によれば、正しいものはどれか。,売買代金を受領したＣが甲土地の引渡しを拒絶する意思を明確に表示したとしても、Ｂは、 Ｃに対して相当の期間を定めた催告をしなければ、本件契約を解除することができない。,Ｂが期日までに売買代金を支払わない場合であっても、本件契約の解除権はＡの一身に専 属した権利であるため、Ｃは本件契約を解除することはできない。,Ｂは、売買代金が支払い済みだったとしても、甲土地の所有権登記を備えなければ、Ｃに 対して甲土地の引渡しを請求することはできない。,本件契約が、Ａの詐欺により締結されたものである場合、ＢはＣに対して、本件契約の取 消しを主張することができる。,【結論】正解D（4）。 / 【根拠】詐欺取消しの抗弁は相続人へ承継。,3,R6;権利関係;民法/契約と相続
2024,5,権利関係,民法/履行遅滞,履行遅滞に関する次の記述のうち、民法の規定及び判例によれば、正しいものは どれか。,不法行為の加害者は、不法行為に基づく損害賠償債務について、履行の請求を受けた時か ら遅滞の責任を負う。,善意の受益者は、その不当利得返還債務について、履行の請求を受けた時から遅滞の責任 を負う。 (cid:12681),請負人の報酬債権に対して、注文者がこれと同時履行の関係にある目的物の瑕 (cid:12695) 疵 修補に代 わる損害賠償債権を自働債権とする相殺の意思表示をした場合、注文者は、請負人に対する 相殺後の報酬残債務について、当該残債務の履行の請求を受けた時から遅滞の責任を負う。,債務の履行について不確定期限があるときは、債務者は、その期限の到来したことを知っ た後に履行の請求を受けた時から遅滞の責任を負う。,【結論】正解B（2）。 / 【根拠】善意受益者の遅滞＝請求時から。,3,R6;権利関係;民法/履行遅滞
2024,6,権利関係,民法/地上権と混同,Ａの所有する甲土地にＢを地上権者とする地上権（以下この問において「本件地 上権」という。）が設定され、その旨の登記がされた後に、甲土地にＣを抵当権者とする抵当 権が設定され、その旨の登記がされた場合における次の記述のうち、民法の規定によれば、正 しいものはいくつあるか。 ア　ＢがＡとの売買契約に基づき、甲土地の所有権を取得したときは、本件地上権は消滅する。 イ　Ａが死亡してＢがＡを単独相続し、甲土地の所有権を取得したときは、本件地上権は消滅 する。 ウ　ＢがＡとの代物弁済契約に基づき、甲土地の所有権を取得したときは、本件地上権は消滅 する。 エ　ＢがＡとの贈与契約に基づき、甲土地の所有権を取得したときは、本件地上権は消滅する。,一つ,二つ,三つ,なし,【結論】正解D（4）＝「なし」。  / 【根拠】地上権→のち抵当権の順では、地上権者が所有権取得しても抵当権者保護で混同消滅しない。,3,R6;権利関係;民法/地上権と混同
2024,7,権利関係,民法/賃貸借と占有,Ａを貸主、Ｂを借主として甲建物の賃貸借契約（以下この問において「本件契 約」という。）が締結され、Ｂが甲建物の引渡しを受けた場合における次の記述のうち、民法 の規定及び判例によれば、正しいものはどれか。,ＣがＢに対し甲建物をＡから買受けたとの虚偽の話をしたので、これを信じたＢが甲建物 の占有を任意にＣに移転した場合、ＡはＣに対して、占有回収の訴えにより甲建物の返還を 請求することはできない。,Ｂが、Ａの甲建物への立ち入りを建物入り口を閉ざして拒んだときは、Ａは甲建物の間接 占有が侵奪されたものとして、Ｂに対して、占有回収の訴えにより甲建物の返還を請求する ことができる。,Ｂが死亡して、ＤがＢを単独相続した場合、Ｄは相続開始を知るまでは、Ｂによる甲建物 の占有を承継しない。,ＡとＢのいずれもが死亡した場合、本件契約は当然に終了する。,【結論】正解A（1）。 / 【根拠】占有回収の訴えは“侵奪”が要件。賃借人が任意に第三者へ渡した場合は不可。,3,R6;権利関係;民法/賃貸借と占有
2024,8,権利関係,民法/条文知識,次の記述のうち、民法の条文として規定されていないものはどれか。,隔地者間の契約は、承諾の通知を発した時に成立する。,無効な行為に基づく債務の履行として給付を受けた者は、相手方を原状に復させる義務を 負う。,代理人が自己又は第三者の利益を図る目的で代理権の範囲内の行為をした場合において、 相手方がその目的を知り、又は知ることができたときは、その行為は、代理権を有しない者 がした行為とみなす。,未成年者が法律行為をするには、その法定代理人の同意を得なければならない。ただし、 単に権利を得、又は義務を免れる法律行為については、この限りでない。,【結論】正解A（1）。 / 【根拠】隔地者の発信主義の明文は削除、一般原則で処理。,3,R6;権利関係;民法/条文知識
2024,9,権利関係,民法/承諾と債務引受,承諾に関する次の記述のうち、民法の規定によれば、正しいものはどれか。,第三者が債務者との間で、債務者の債務につき免責的債務引受契約をする場合、債権者の 承諾は不要である。,第三者が債務者との間で、債務者の債務につき併存的債務引受契約をした場合、債権者が 第三者に承諾をした時点で、その効力が生ずる。,第三者が債権者との間で、債務者の債務につき併存的債務引受契約をした場合、債務者が 第三者に承諾をした時点で、その効力が生ずる。,賃借人が賃貸借契約の目的物を第三者に転貸する場合、賃貸人の承諾は不要である。,【結論】正解B（2）。 / 【根拠】併存的債務引受は“債権者の第三者への承諾”で効力発生。,3,R6;権利関係;民法/承諾と債務引受
2024,10,権利関係,民法/契約不適合,売買契約の目的物が品質に関して契約の内容に適合しない場合において、当該契 約不適合が売主及び買主のいずれの責めにも帰することができない事由によるものであるとき、 履行の追完請求権、代金の減額請求権、損害賠償請求権及び契約の解除権のうち、民法の規定 によれば、買主が行使することができない権利のみを掲げたものとして正しいものは次の記述 のうちどれか。なお、上記帰責性以外の点について、権利の行使を妨げる事情はないものとす る。,履行の追完請求権、損害賠償請求権、契約の解除権,代金の減額請求権、損害賠償請求権、契約の解除権,履行の追完請求権、代金の減額請求権,損害賠償請求権,【結論】正解D（4）。 / 【根拠】契約不適合が無過失なら損害賠償は不可（帰責性要）。追完・減額・解除は可（要件充足）。,3,R6;権利関係;民法/契約不適合
2024,11,法令上の制限,借地借家法/借地,建物の所有を目的とする土地の賃貸借契約（一時使用目的の借地契約を除く。） に関する次の記述のうち、借地借家法の規定によれば、正しいものはどれか。,専ら事業の用に供する建物（居住の用に供するものを除く。）の所有を目的とし、存続期 間を 20 年として借地権を設定する場合、建物買取請求権の規定は適用されず、また、その 契約は、公正証書による等書面によってしなければならない。,居住の用に供する建物の所有を目的として借地権を設定する場合において、借地権を消滅 させる目的で、その設定後 30 年を経過した日に借地権の目的である土地の上の建物を借地 権設定者に相当の対価で譲渡する旨の特約を定めても、この特約は無効である。,借地権を設定する場合において、存続期間を定めなかったときは、その期間は 30 年とな る。,当事者が借地権の設定後に最初に借地契約を更新する場合において、存続期間を定めな かったときは、その期間は更新の日から 10 年となる。,【結論】正解C（3）。 / 【根拠】期間未定の借地は30年。,3,R6;法令上の制限;借地借家法/借地
2024,12,法令上の制限,借地借家法/建物賃貸借,賃貸人Ａと賃借人Ｂとが、居住目的で期間を 3 年として、借地借家法第 38 条の 定期建物賃貸借契約（以下この問において「契約①」という。）を締結した場合と、定期建物 賃貸借契約でも一時使用目的の賃貸借契約でもない普通建物賃貸借契約（以下この問において 「契約②」という。）を締結した場合とに関する次の記述のうち、借地借家法の規定によれば、 正しいものはどれか。,Ｂが建物の引渡しを受けた後にＡが建物をＣに売却して建物所有者がＣに変わった場合、 Ｂは、契約①の場合ではＣに対して賃借人であることを主張できるが、契約②の場合ではＣ に対して賃借人であることを主張できない。,契約期間中は賃料の改定を行わない旨の特約を契約において定めていても、契約期間中に 賃料が不相当になったと考えるに至ったＢは、契約①の場合も契約②の場合も、借地借家法 第 32 条に基づく賃料減額請求をすることができる。,Ｂが契約期間中に相続人なしで死亡した場合において、婚姻はしていないが事実上夫婦と 同様の関係にあった同居者Ｄがあるときは、契約①の場合も契約②の場合も、Ａに反対の意 思表示をしないＤは、建物の賃貸借契約に関し、Ｂの権利義務を承継する。,契約①の場合、公正証書によって契約をするときに限り契約の更新がないことを有効に定 めることができ、契約②の場合、書面で契約し、かつ、Ａに正当な理由がない限り、Ａは契 約の更新を拒絶することができなくなる。,【結論】正解C（3）。 / 【根拠】同居の事実婚パートナーは承継し得る（要件あり）。,3,R6;法令上の制限;借地借家法/建物賃貸借
2024,13,法令上の制限,区分所有法,建物の区分所有等に関する法律に関する次の記述のうち、誤っているものはどれ か。,各共有者の共用部分の持分は、規約に別段の定めがない限り、共有者数で等分することと されている。,規約及び集会の決議は、区分所有者の特定承継人に対しても、その効力を生ずる。,管理者は、集会において、毎年 1 回一定の時期に、その事務に関する報告をしなければな らない。,集会の招集の通知は、区分所有者が管理者に対して通知を受けるべき場所を通知しなかっ たときは区分所有者の所有する専有部分が所在する場所にあててすれば足りる。この場合に は、集会の招集の通知は、通常それが到達すべき時に到達したものとみなされる。,【結論】正解A（1）※誤り。 / 【根拠】共用部分の持分＝床面積比例（等分ではない）。,3,R6;法令上の制限;区分所有法
2024,14,法令上の制限,不動産登記法,不動産の登記に関する次の記述のうち、不動産登記法の規定によれば、誤ってい るものはどれか。,買戻しの特約に関する登記がされている場合において、契約の日から 10 年を経過したと きは、登記権利者は、単独で当該登記の抹消を申請することができる。,不動産の収用による所有権の移転の登記は、起業者が単独で申請することができる。,相続人ではない者に対する遺贈による所有権の移転の登記は、登記権利者が単独で申請す ることができる。,登記名義人の住所についての変更の登記は、登記名義人が単独で申請することができる。,【結論】正解C（3）※誤り。 / 【根拠】遺贈の移転登記は原則“共同申請”。,3,R6;法令上の制限;不動産登記法
2024,15,法令上の制限,都市計画法,都市計画法に関する次の記述のうち、誤っているものはどれか。,都市計画区域外においても、特に必要があるときは、都市施設に関する都市計画を定める ことができる。,準都市計画区域については、用途地域が定められている土地の区域であっても、市街地開 発事業に関する都市計画を定めることができない。,用途地域の一つである準住居地域は、道路の沿道としての地域の特性にふさわしい業務の 利便の増進を図りつつ、これと調和した住居の環境を保護するために定める地域である。,地区計画は、用途地域が定められている土地の区域についてのみ都市計画に定められるも のであり、また、地区計画に関する都市計画を定めるに当たっては、地区整備計画を都市計 画に定めなければならない。,【結論】正解D（4）※誤り。 / 【根拠】地区計画は用途地域の有無を問わず定め得る。,3,R6;法令上の制限;都市計画法
2024,16,法令上の制限,都市計画法,都市計画法（以下この問において「法」という。）に関する次の記述のうち、正 しいものはどれか。ただし、この問において条例による特別の定めはないものとし、「都道府 県知事」とは、地方自治法に基づく指定都市、中核市及び施行時特例市にあってはその長をい うものとする。,"市街化区域内において行う、医療法に規定する病院を建築するための 1,000 m2 の開発行 為については、法第 29 条に基づく都道府県知事の許可を得る必要がある。","市街化区域内において行う、開発行為を伴わない建築物の建築で、当該建築物の床面積が 1,000 m2 以上のものについては、法第 29 条に基づく都道府県知事の許可を得る必要がある。",市街化調整区域内において行う、都市計画事業の施行のための開発行為については、法第 29 条に基づく都道府県知事の許可を得る必要がある。,法第 29 条に基づく許可を受けた者は、当該許可に係る土地についての一定の事項を開発 登録簿に登録しなければならない。,【結論】正解A（1）。 / 【根拠】市街化区域での当該規模の開発は許可対象。,3,R6;法令上の制限;都市計画法
2024,17,法令上の制限,建築基準法,建築基準法に関する次の記述のうち、誤っているものはどれか。なお、建築副主 事の確認にあっては、建築基準法に定める大規模建築物以外の建築物に限るものとする。,高さ 25 m の建築物には、周囲の状況によって安全上支障がない場合を除き、有効に避雷 設備を設けなければならない。,特定行政庁は、建築基準法の規定に違反した建築物（国、都道府県又は建築主事を置く市 町村の建築物を除く。）の所有者に対して、緊急の必要があり、仮に当該建築物の使用禁止 又は使用制限の命令をする場合であっても、意見書の提出先等を記載した通知書の交付等の 手続をとらなければならない。,防火地域内に存在する共同住宅（その用途に供する部分の床面積の合計が 300 m2）を増 築する場合、その増築に係る部分の床面積の合計が 10 m2 以内であっても、建築主事、建築 副主事又は指定確認検査機関の確認を受ける必要がある。,劇場の用途に供する建築物を映画館（その用途に供する部分の床面積の合計が 500 m2） に用途変更する場合、建築主事、建築副主事又は指定確認検査機関の確認を受ける必要はな い。,【結論】正解B（2）。 / 【根拠】緊急命令でも手続保障（通知・意見の機会）は要。,3,R6;法令上の制限;建築基準法
2024,18,法令上の制限,建築基準法,次の記述のうち、建築基準法の規定によれば、正しいものはどれか。,客席部分の床面積の合計が 300 m2 の映画館については、第二種住居地域内において建築 することはできないが、準住居地域内においては建築することができる。,特定用途誘導地区内において、都市計画で建築物の高さの最高限度が定められていたとし ても、特定行政庁が用途上又は構造上やむを得ないと認めて許可したものについては、当該 最高限度を超えてよい。,計画しようとする建築物の天空率が、道路斜線制限、隣地斜線制限又は北側斜線制限に適 合する建築物の天空率未満であれば、これらの制限は適用されない。,都市計画で建(cid:7789)率の限度が 80 ％ に指定されている区域かつ防火地域内にある耐火建築物 について、建(cid:7789)率の限度を超えるためには、特定行政庁による許可を得る必要がある。,【結論】正解B（2）。 / 【根拠】高さ制限は許可で緩和可。,3,R6;法令上の制限;建築基準法
2024,19,法令上の制限,宅地造成等規制法,宅地造成及び特定盛土等規制法に関する次の記述のうち、誤っているものはどれ か。なお、この問において「都道府県知事」とは、地方自治法に基づく指定都市及び中核市に あってはその長をいうものとし、地方自治法に基づく施行時特例市に係る経過措置については 考慮しないものとする。,都道府県知事は、基礎調査のために他人の占有する土地に立ち入って測量又は調査を行う 必要があるときは、その必要の限度において、当該土地に、自ら立ち入り、又はその命じた 者若しくは委任した者に立ち入らせることができ、当該土地の占有者は、正当な理由がない 限り、その立入りを拒み、又は妨げてはならない。,都道府県知事は、宅地造成等工事規制区域内の土地について、宅地造成等に伴う災害を防 止するために必要があると認める場合には、その土地の所有者に対して、擁壁等の設置等の 措置をとることを勧告することができる。,工事主は、宅地造成等工事規制区域において行われる宅地造成等に関する工事について、 工事着手後 2 週間以内に、宅地造成等に関する工事の施行に係る土地の周辺地域の住民に対 し、説明会の開催その他の当該宅地造成等に関する工事の内容を周知させるため必要な措置 を講じなければならない。,特定盛土等規制区域内において行われる特定盛土等又は土石の堆積に関する工事について は、工事主は、当該工事に着手する日の 30 日前までに、主務省令で定めるところにより、 当該工事の計画を都道府県知事に届け出なければならない。ただし、特定盛土等又は土石の 堆積に伴う災害の発生のおそれがないと認められるものとして政令で定める工事については、 この限りでない。,【結論】正解C（3）※誤り。 / 【根拠】住民周知・説明は着手“前”。,3,R6;法令上の制限;宅地造成等規制法
2024,20,法令上の制限,土地区画整理法,土地区画整理法に関する次の記述のうち、誤っているものはどれか。なお、この 問において、同法第 136 条の 3 による大都市等の特例及び条例で定める事務処理の特例は考慮 しないものとする。,仮換地が指定された場合においては、従前の宅地について権原に基づき使用し、又は収益 することができる者は、仮換地の指定の効力発生の日から換地処分の公告がある日まで、仮 換地又は仮換地について仮に使用し、若しくは収益することができる権利の目的となるべき 宅地若しくはその部分について、従前の宅地について有する権利の内容である使用又は収益 と同じ使用又は収益をすることができる。,市町村施行の土地区画整理事業において、市町村は、換地処分をした場合においては、そ の旨を公告しなければならない。,換地計画において定められた保留地は、換地処分の公告があった日の翌日において、施行 者が取得する。,施行者は、仮換地を指定した場合において、特別の事情があるときは、その仮換地につい て使用又は収益を開始することができる日を仮換地の指定の効力発生の日と別に定めること ができる。,【結論】正解B（2）※誤り。 / 【根拠】換地処分の公告は“施行者”が主体。,3,R6;法令上の制限;土地区画整理法
2024,21,税・価格・その他,農地法,農地に関する次の記述のうち、農地法（以下この問において「法」という。）の 規定によれば、誤っているものはどれか。,法第 3 条第 1 項の許可があったときは所有権が移転する旨の停止条件付売買契約を原因と する所有権移転の仮登記の申請を行う場合にも、農業委員会の許可が必要である。,法第 5 条第 1 項の許可申請書の提出において、法ではその申請に係る権利の設定又は移転 に関し民事調停法により調停が成立した場合など一定の場合を除き、当事者は連署した申請 書を提出しなければならないとされている。,法では、農地の賃貸借で期間の定めがあるものについては、一定の場合を除き、期間満了 の 1 年前から 6 か月前までの間に更新拒絶の通知をしないと従前の賃貸借と同一の条件で更 に賃貸借したものとみなされる。,法では、農地の賃貸借の当事者は、当該賃貸借の合意による解約が民事調停法による農事 調停によって行われる場合など一定の場合を除き、知事の許可を受けなければ、当該賃貸借 について、解除、解約の申入れ、合意解約、更新拒絶の通知をしてはならないとされている。,【結論】正解A（1）※誤り。 / 【根拠】停止条件付売買の仮登記自体に3条許可は不要（本移転で要）。,3,R6;税・価格・その他;農地法
2024,22,税・価格・その他,国土利用計画法,国土利用計画法（以下この問において「法」という。）第 23 条の届出（以下この 問において「事後届出」という。）及び法第 27 条の 7 の監視区域内の届出（以下この問におい て「事前届出」という。）に関する次の記述のうち、正しいものはどれか。なお、この問にお いて「都道府県知事」とは、地方自治法に基づく指定都市にあってはその長をいうものとする。,"Ａが所有する市街化区域以外の都市計画区域内の 4,000 m2 の土地について、宅地建物取 引業者Ｂが地上権の設定を受ける契約を締結した場合、Ｂは事後届出を行わなければならな い。","宅地建物取引業者Ｃが所有する市街化区域内の 3,000 m2 の土地と宅地建物取引業者Ｄが 所有する都市計画区域外に所在する 12,000 m2 の土地を金銭の授受を伴わずに交換する契約 を締結した場合、Ｃ及びＤはともに事後届出を行う必要はない。",事前届出又は事後届出が必要な土地について、売買契約を締結したにもかかわらず所定の 期間内に当該届出をしなかった者は都道府県知事からの勧告を受けることがあるが、罰則の 適用を受けることはない。,"監視区域に指定された市街化区域内に所在する土地 2,500 m2 について売買契約を締結し ようとする当事者は、契約締結の少なくとも 6 週間前までに事前届出を行わなければならな い。",【結論】正解D（4）。 / 【根拠】監視区域の“事前届出”は契約締結の少なくとも6週間前。,3,R6;税・価格・その他;国土利用計画法
2024,23,税・価格・その他,税/住宅ローン控除,住宅借入金等を有する場合の所得税額の特別控除（以下この問において「住宅 ローン控除」という。）に関する次の記述のうち、正しいものはどれか。なお、以下の居住用 家屋は、令和 5 年に建築基準法第 6 条第 1 項の確認（建築確認）を受けたものとする。,令和 6 年中に居住用家屋を居住の用に供した場合において、その前年において居住用財産 を譲渡した場合の軽減税率の特例の適用を受けているときであっても、令和 6 年分以後の所 得税について住宅ローン控除の適用を受けることができる。,令和 6 年中に居住用家屋を居住の用に供した場合において、その前年において居住用財産 の買換え等の場合の譲渡損失の損益通算の適用を受けているときであっても、令和 6 年分以 後の所得税について住宅ローン控除の適用を受けることができる。,令和 5 年中に居住用家屋の敷地の用に供するための土地を取得した場合において、令和 6 年中に居住用家屋を新築して居住の用に供したときは、令和 5 年分の所得税について住宅 ローン控除の適用を受けることができる。,令和 6 年中に居住用家屋を居住の用に供した場合において、その居住用家屋の取得に係る 住宅借入金等の償還期間等が契約において 3 年とされているときは、令和 6 年以後 3 年間の 所得税について住宅ローン控除の適用を受けることができる。,【結論】正解B（2）。 / 【根拠】前年に譲渡損失の損益通算を使っても翌年の住宅ローン控除の適用自体は可。,3,R6;税・価格・その他;税/住宅ローン控除
2024,24,税・価格・その他,税/不動産取得税,不動産取得税に関する次の記述のうち、正しいものはどれか。,不動産取得税の課税標準は、不動産を取得した時における当該不動産の売買価格であるか ら、固定資産税の課税標準である固定資産の評価額とは異なるものである。,不動産取得税の課税標準となるべき額が、土地の取得にあっては 10 万円、家屋の取得の うち建築に係るものにあっては 1 戸につき 23 万円、その他のものにあっては 1 戸につき 12 万円に満たない場合においては、不動産取得税が課されない。,不動産取得税は、不動産の取得に対して課される税であるので、法人の合併により不動産 を取得した場合においても、不動産取得税が課される。,令和 6 年 4 月に個人が取得した住宅及び住宅用地に係る不動産取得税の税率は 3 ％ であ るが、住宅以外の家屋及び土地に係る不動産取得税の税率は 4 ％ である。,【結論】正解B（2）。 / 【根拠】少額不課税：土地10万円、家屋（建築）23万円、その他12万円。,3,R6;税・価格・その他;税/不動産取得税
2024,25,税・価格・その他,不動産鑑定評価基準,不動産の鑑定評価に関する次の記述のうち、不動産鑑定評価基準によれば、誤っ ているものはどれか。,同一需給圏とは、一般に対象不動産と代替関係が成立して、その価格の形成について相互 に影響を及ぼすような関係にある他の不動産の存する圏域をいう。,対象不動産について、依頼目的に応じ対象不動産に係る価格形成要因のうち地域要因又は 個別的要因について想定上の条件を設定する場合がある。,不動産の価格は、その不動産の効用が最高度に発揮される可能性に最も富む使用を前提と して把握される価格を標準として形成されるが、これを適合の原則という。,収益還元法は、対象不動産が将来生み出すであろうと期待される純収益の現在価値の総和 を求めることにより対象不動産の試算価格を求める手法であり、賃貸用不動産又は賃貸以外 の事業の用に供する不動産の価格を求める場合に特に有効である。,【結論】正解C（3）※誤り。 / 【根拠】記述内容は最有効使用（HBU）であって適合の原則の説明ではない。,3,R6;税・価格・その他;不動産鑑定評価基準
2024,26,宅建業法,35条/重要事項説明(一般),宅地建物取引業法第 35 条に規定する重要事項の説明に関する次の記述のうち、 正しいものはいくつあるか。なお、説明の相手方は宅地建物取引業者ではないものとする。 ア　ガス配管設備等に関して、住宅の売買後においても宅地内のガスの配管設備等の所有権が 家庭用プロパンガス販売会社にあるものとする場合には、その旨を説明しなければならない。 イ　重要事項の説明を行う宅地建物取引士は専任の宅地建物取引士でなくてもよいが、書面に 記名する宅地建物取引士は専任の宅地建物取引士でなければならない。 ウ　区分所有建物である事務所ビルの一室の売買の媒介を行う場合、当該 1 棟の建物及びその 敷地の管理が委託されているときは、その委託を受けている者の氏名（法人にあっては、そ の商号又は名称）及び住所（法人にあっては、その主たる事務所の所在地）を説明しなけれ ばならない。 エ　区分所有建物である中古マンションの一室の売買の媒介を行う場合、当該 1 棟の建物の計 画的な維持修繕のための費用の積立てを行う旨の規約の定めがあるときは、その内容及び既 に積み立てられている額について説明しなければならない。,一つ,二つ,三つ,四つ,【結論】正解C（3）＝三つ。 / 【根拠】正しいのはア・ウ・エ。イの“記名宅建士は専任”が誤り。,3,R6;宅建業法;35条/重要事項説明(一般)
2024,27,宅建業法,営業保証金,宅地建物取引業者Ａに関する次の記述のうち、正しいものはどれか。なお、Ａは 宅地建物取引業保証協会の社員ではないものとする。,Ａが主たる事務所を移転したことにより、その最寄りの供託所が変更した場合において、 金銭のみをもって営業保証金を供託しているときは、遅滞なく営業保証金を移転後の主たる 事務所の最寄りの供託所に新たに供託しなければならない。,Ａの従業員が運転する車両で現地案内を受けた者が、Ａの従業員の過失による交通事故で ケガをした場合に取得する損害賠償請求権は、Ａが供託した営業保証金の還付の対象債権と なる。,Ａは、金銭と有価証券を併用して供託することができ、有価証券のみで供託する場合の当 該有価証券の価額は、国債証券の場合はその額面金額の 100 分の 90、地方債証券の場合は その額面金額の 100 分の 80 である。,Ａは甲県内にある主たる事務所とは別に、乙県内に新たに従たる事務所を設置したときは、 営業保証金を主たる事務所の最寄りの供託所に供託しなければならない。,【結論】正解D（4）。 / 【根拠】従たる事務所ごとに営業保証金供託は不要（主たる事務所の最寄り供託所へ）。,3,R6;宅建業法;営業保証金
2024,28,宅建業法,報酬規程,"宅地建物取引業者Ａ（消費税課税事業者）及び宅地建物取引業者Ｂ（消費税免税 事業者）が受領した報酬に関するアからウの記述のうち、宅地建物取引業法の規定に違反しな いものの組合せは 1 から 4 のうちどれか。なお、代理、媒介に当たり、広告の依頼は行われて いないものとする。 ア　居住用建物（ 1 か月の借賃 12 万円。消費税等相当額を含まない。）について、Ａは貸主か ら代理を依頼され、Ｂは借主から媒介を依頼され、Ａは貸主から 6.7 万円、Ｂは借主から 6.5 万円を報酬として受領した。なお、Ｂは、媒介の依頼を受けるに当たって、報酬につい て借主から特段の承諾を得ていない。 イ　Ｂは、事業用建物について、貸主と借主双方から媒介を依頼され、借賃 1 か月分 10 万円 （消費税等相当額を含まない。）、権利金 90 万円（権利設定の対価として支払われる金銭で あって返還されないもので、消費税等相当額を含まない。）の賃貸借契約を成立させ、貸主 と借主からそれぞれ 5 万円を報酬として受領した。 ウ　Ａは、土地付建物について、売主と買主双方から媒介を依頼され、代金 3,500 万円（消費 税等相当額を含み、土地代金は 2,400 万円である。）の売買契約を成立させ、売主と買主か らそれぞれ 110 万円を報酬として受領したほか、売主の特別の依頼に基づき行った遠隔地へ の現地調査に要した実費の費用について、売主が事前に負担を承諾していたので、売主から 9 万円を受領した。",ア、イ,イ、ウ,ア、ウ,ア、イ、ウ,【結論】正解B（2）＝イ・ウ。 / 【根拠】居住用賃貸の借主側超過受領は×。事業用や売買の上限は別基準。,3,R6;宅建業法;報酬規程
2024,29,宅建業法,宅建士/登録・証,宅地建物取引士に関する次の記述のうち、宅地建物取引業法（以下この問におい て「法」という。）の規定によれば、正しいものはどれか。,宅地建物取引士資格試験に合格した者は、宅地又は建物の取引に関する実務の経験期間が 2 年に満たない場合であっても、試験に合格した日から 1 年以内に登録を受けようとすると きには、都道府県知事が指定する講習を受講することにより、宅地建物取引士の登録を受け ることができる。,宅地建物取引士証は、更新を受けることなくその有効期間が経過した場合、その効力を失 うが、当該宅地建物取引士証を都道府県知事に返納する必要はない。,宅地建物取引士は、他人に自己の名義の使用を許し、当該他人がその名義で宅地建物取引 士である旨の表示をしたときは、法第 68 条の規定に基づく処分の対象となるが、当該他人 が宅地建物取引士の登録を受けた者であるときはこの限りでない。,宅地建物取引業者は、その事務所唯一の専任の宅地建物取引士が宅地建物取引士証の有効 期間の経過により効力を失い宅地建物取引士でなくなったときは、 2 週間以内に法第 31 条 の 3 第 1 項の規定に適合させるため必要な措置を執らなければならない。,【結論】正解D（4）。 / 【根拠】唯一の専任宅建士が失効→2週間以内に適合化が必要。,3,R6;宅建業法;宅建士/登録・証
2024,30,宅建業法,クーリング・オフ,宅地建物取引業者Ａが、自ら売主として、宅地建物取引業者ではない個人Ｂとの 間で宅地の売買契約を締結し、手付金を支払ったＢが、宅地建物取引業法第 37 条の 2 の規定 に基づくいわゆるクーリング・オフにより、当該売買契約を契約締結の日の翌日に解除しよう としている。この場合に関する次の記述のうち、誤っているものはどれか。,Ａがクーリング・オフについて告げるときに交付すべき書面には、Ａの商号又は名称及び 住所並びに免許証番号の記載は必要であるが、Ａの宅地建物取引士の記名は必要ない。,Ｂが、自らの申出により、Ｂの勤務する会社の事務所において、宅地の買受けの申込み及 びＡとの売買契約の締結をした場合、Ｂは、クーリング・オフによる当該売買契約の解除を 行うことができない。,Ｂが、自らの申出により、喫茶店において、宅地の買受けの申込み及びＡとの売買契約の 締結をした場合、Ｂは、クーリング・オフによる当該売買契約の解除を行うことができる。,Ｂは、自らの申出により、Ｂが融資を受ける銀行（宅地建物取引業者ではない。）におい て、宅地の買受けの申込み及びＡとの売買契約の締結をした場合、クーリング・オフによる 当該売買契約の解除を行うことができない。,【結論】正解D（4）※誤り。 / 【根拠】銀行の応接スペースは“事務所等”に当たらない→クーリング・オフ適用除外にはならない。,3,R6;宅建業法;クーリング・オフ
2024,31,宅建業法,監督処分・取消,次の記述のうち、宅地建物取引業法（以下この問において「法」という。）の規 定によれば、正しいものはどれか。,国土交通大臣又は都道府県知事は、その免許を受けた宅地建物取引業者が法第 65 条第 1 項の規定による指示に従わない場合、その業務の全部又は一部の停止を命ずることができ、 業務の停止の処分に違反した場合、免許を取り消さなければならない。,国土交通大臣又は都道府県知事は、その免許を受けた宅地建物取引業者の事務所の所在地 を確知できないときは、その事実を公告し、その公告の日から 2 週間を経過しても当該宅地 建物取引業者から申出がないときは、免許を取り消すことができる。,国土交通大臣又は都道府県知事は、法第 66 条の規定による免許の取消しの処分をしよう とするときは、聴聞を行わなければならないが、当該聴聞は、公開することが相当と認めら れる場合を除き、公開されない。,国土交通大臣又は都道府県知事は、法第 66 条の規定による免許の取消しの処分をしたと きはその旨を公告しなければならないが、法第 65 条第 2 項の規定による業務の停止の処分 をしたときはその旨の公告はしなくともよい。,【結論】正解A（1）。 / 【根拠】指示違反→業務停止命令可、さらに停止処分違反→免許取消し。,3,R6;宅建業法;監督処分・取消
2024,32,宅建業法,専任媒介契約,宅地建物取引業者Ａが、ＢからＢ所有の中古住宅の売却の依頼を受け、Ｂと専任 媒介契約（専属専任媒介契約ではないものとする。）を締結した。この場合における次の記述 のうち、宅地建物取引業法（以下この問において「法」という。）の規定によれば、正しいも のはどれか。,Ａは当該中古住宅の売買契約が成立しても、当該中古住宅の引渡しが完了していなければ、 売買契約が成立した旨を指定流通機構に通知する必要はない。,Ｂが宅地建物取引業者である場合は、当該契約が国土交通大臣が定める標準媒介契約約款 に基づくものであるか否かの別を、法第 34 条の 2 第 1 項に規定する書面に記載する必要は ない。,Ａに対して当該中古住宅について買受けの申込みがなかった場合でも、ＡはＢに対して、 当該契約に係る業務の処理状況を 2 週間に 1 回以上報告しなければならないが、その報告は 必ずしも書面で行う必要はない。,Ｂが当該中古住宅について、法第 34 条の 2 第 1 項第 4 号に規定する建物状況調査を実施 する者のあっせんを希望しなかった場合は、Ａは同項に規定する書面に同調査を実施する者 のあっせんに関する事項を記載する必要はない。,【結論】正解C（3）。 / 【根拠】専任媒介は報告“2週に1回以上”。書面限定ではない。,3,R6;宅建業法;専任媒介契約
2024,33,宅建業法,"広告規制(法32,34)",宅地建物取引業者がその業務に関して行う広告に関する次の記述のうち、宅地建 物取引業法（以下この問において「法」という。）の規定によれば、誤っているものはどれか。,宅地の販売に関する広告をインターネットで行った場合において、当該宅地の売買契約が 成立した後も継続して広告を掲載していた場合、当該広告を掲載し続けることは法第 32 条 の規定に違反する。,建物の所有者と賃貸借契約を締結し、当該建物を自らが貸主となって貸借（転貸）するた めの広告をする場合においては、自らが契約の当事者となって貸借を成立させる旨を当該広 告に明示しなくても、法第 34 条の規定に違反しない。,造成工事に必要とされる法令に基づく許可等の処分があった宅地について、工事完了前に 当該宅地の販売に関する広告をするときは、法令に基づく許可等の処分があったことを明示 すれば、取引態様の別について明示する必要はない。,複数の区画がある分譲地の売買について、数回に分けて広告をする場合は、最初に行う広 告だけではなく、次回以降の広告の都度取引態様の別を明示しなければならない。,【結論】正解C（3）※誤り。 / 【根拠】工事完了前広告は「許可等」も「取引態様」も明示要。態様不要は×。,3,"R6;宅建業法;広告規制(法32,34)"
2024,34,宅建業法,手付金等保全措置,"宅地建物取引業者Ａが、自ら売主として、宅地建物取引業者ではない個人Ｂとの 間で、土地付建物を 4,000 万円で売却する売買契約（所有権の登記は当該土地付建物の引渡し 時に行うものとする。）を締結する場合における宅地建物取引業法（以下この問において 「法」という。）第 41 条又は第 41 条の 2 の規定に基づく手付金等の保全措置（以下この問にお いて「保全措置」という。）に関する次の記述のうち、誤っているものはどれか。",Ａが、保全措置を講じずにＢから手付金 100 万円を受領する場合、その旨を、法第 35 条 の規定に基づく重要事項説明書に記載する必要があるが、法第 37 条の規定により交付する 書面に記載する必要はない。,当該建物が建築工事の完了後の建物である場合、ＡがＢから手付金 100 万円を受領する際 には保全措置は不要であるが、その後、当該土地付建物を引き渡す前に中間金 400 万円を受 領するためには、手付金 100 万円と合わせて保全措置を講じた後でなければ、その中間金を 受領することができない。,当該建物が建築工事の完了前の建物である場合において、Ａは、保全措置を講じずに、Ｂ から手付金 300 万円を受領することができる。,"当該土地付建物の引渡し前に、ＢはＡに対して 2,000 万円を中間金として支払う契約に なっていたが、Ａがその中間金について保全措置を講じていないときは、Ｂはこの中間金の 支払いを拒むことができる。",【結論】正解C（3）※誤り。 / 【根拠】建築前の手付金受領は保全措置が必要。無保全は不可。,3,R6;宅建業法;手付金等保全措置
2024,35,宅建業法,37条書面(電磁的方法),宅地建物取引業者Ａが宅地建物取引業法第 37 条の規定により交付すべき書面 （以下この問において「37 条書面」という。）に記載すべき事項を電磁的方法により提供する こと（以下この問において「37 条書面の電磁的方法による提供」という。）に関する次の記述 のうち、正しいものはどれか。,Ａが自ら売主として締結する宅地の売買契約において、37 条書面の電磁的方法による提 供を行う場合、当該契約の相手方に対し、あらかじめ、電磁的方法による提供に用いる電磁 的方法の種類及び内容を宅地建物取引士に説明させなければならない。,Ａが媒介業者として関与する建物賃貸借契約において、37 条書面の電磁的方法による提 供を行う場合、その方法は 37 条書面の交付に係る宅地建物取引士が明示されるものでなけ ればならない。,Ａが自ら売主として締結する宅地の売買契約において、契約の相手方から 37 条書面の電 磁的方法による提供を行うことについて書面により承諾を得た場合は、その後に当該契約の 相手方から書面で電磁的方法による提供を受けない旨の申出があったときでも、37 条書面 の電磁的方法による提供をすることができる。,Ａが媒介業者として関与する宅地の売買契約において、37 条書面の電磁的方法による提 供を行う場合であっても、提供後速やかに 37 条書面を交付しなければならない。,【結論】正解D（4）。 / 【根拠】電磁的方法で提供したら紙交付は不要。よって“提供後すみやかに紙”は誤り。,3,R6;宅建業法;37条書面(電磁的方法)
2024,36,宅建業法,保証協会・営業保証金,営業保証金及び宅地建物取引業保証協会（以下この問において「保証協会」とい う。）に関する次の記述のうち、宅地建物取引業法の規定によれば、誤っているものはどれか。,宅地建物取引業者で保証協会に加入しようとする者は、その加入しようとする日までに、 政令で定める額の弁済業務保証金分担金を当該保証協会に納付しなければならない。,保証協会の社員と宅地建物取引業に関し取引をした者（宅地建物取引業者に該当する者を 除く。）は、その取引により生じた債権に関し、当該社員が社員ではないとしたならばその 者が供託すべき営業保証金の額に相当する額の範囲内で弁済を受ける権利を有する。,宅地建物取引業者は、保証協会の社員の地位を失ったときは、保証協会が弁済業務保証金 の還付請求権者に対し、一定期間内に宅地建物取引業法第 64 条の 8 第 2 項の規定による認 証を受けるため申し出るべき旨の公告をした後でなければ、弁済業務保証金分担金の返還を 受けることができない。,宅地建物取引業者は、一部の事務所を廃止し営業保証金を取り戻そうとする場合には、供 託した営業保証金につき還付を請求する権利を有する者に対し、公告をすることなく営業保 証金を取り戻すことができる。,【結論】正解D（4）※誤り。 / 【根拠】営業保証金の取戻しは公告等の手続を要する。公告なしで取戻し不可。,3,R6;宅建業法;保証協会・営業保証金
2024,37,宅建業法,35条/重要事項説明(総合),宅地建物取引業者が行う宅地建物取引業法第 35 条に規定する重要事項説明に関 する次の記述のうち、正しいものはいくつあるか。なお、説明の相手方は宅地建物取引業者で はないものとする。 ア　建物の貸借の媒介を行う場合、水防法施行規則第 11 条第 1 号の規定により市町村の長が 提供する水害ハザードマップに当該建物の位置が含まれているときは、その所在地を示して 説明しなければならない。 イ　既存住宅の売買を行う場合、宅地建物取引業法第 34 条の 2 第 1 項第 4 号に規定する建物 状況調査の実施後、 1 年を経過していないものについては、建物状況調査の実施の有無、実 施している場合の結果の概要について説明しなければならない。 ウ　宅地の売買を行う場合、宅地の造成に関する工事の完了前のものであるときは、完了時に おける当該宅地に接する道路の構造及び幅員を説明しなければならない。 エ　建物の貸借の媒介を行う場合、私道に関する負担の有無や内容を事前に調査し、説明しな ければならない。,一つ,二つ,三つ,四つ,【結論】正解C（3）＝三つ。 / 【根拠】ア・ウ・エが○。イは本問前提に適合せず×。,3,R6;宅建業法;35条/重要事項説明(総合)
2024,38,宅建業法,免許,宅地建物取引業の免許（以下この問において「免許」という。）に関する次の記 述のうち、宅地建物取引業法の規定によれば、正しいものはどれか。,宅地建物取引業者Ａが、免許の更新の申請をした場合において、従前の免許の有効期間の 満了の日までに、その申請について処分がなされないときは、従前の免許は、有効期間の満 了後その効力を失う。,宅地建物取引業者Ｂが宅地建物取引業者Ｃに自己の名義をもって宅地建物取引業を営ませ る行為は、Ｂが名義の使用を書面で指示している場合であれば、宅地建物取引業法に違反し ない。,宅地建物取引業者Ｄ（甲県知事免許）は、国土交通大臣に免許換えの申請をし、その免許 を受けなければ、乙県所在の宅地の売買の媒介をすることはできない。,宅地建物取引業者Ｅ（丙県知事免許）の免許の更新に当たって、丙県知事は宅地建物取引 業法第 3 条の 2 に基づき条件を付すことができ、Ｅが免許の更新に当たって付された条件に 違反したときは、丙県知事はＥの免許を取り消すことができる。,【結論】正解D（4）。 / 【根拠】免許更新に“条件付与”はできない。,3,R6;宅建業法;免許
2024,39,宅建業法,届出をすべき場所,宅地建物取引業法第 50 条第 2 項の届出をすべき場所に関する次の記述のうち、 誤っているものはどれか。なお、これらの場所では、宅地若しくは建物の売買若しくは交換の 契約（予約を含む。）若しくは宅地若しくは建物の売買、交換若しくは貸借の代理若しくは媒 介の契約を締結し、又はこれらの契約の申込みを受けるものとする。,届出をすべき場所として、継続的に業務を行うことができる施設を有する場合で事務所以 外のものが定められているが、当該場所には 1 名以上の成年者である専任の宅地建物取引士 を置かなければならない。,届出をすべき場所として、宅地建物取引業者が 10 区画以上の一団の宅地又は 10 戸以上の 一団の建物の分譲（以下この問において「一団の宅地建物の分譲」という。）をする場合に 設置する案内所が定められているが、当該案内所が土地に定着する建物内に設けられる場合、 クーリング・オフ制度の適用が除外される。,届出をすべき場所として、他の宅地建物取引業者が行う一団の宅地建物の分譲の代理又は 媒介をする場合に設置する案内所が定められており、この場合は、代理又は媒介を行う宅地 建物取引業者が届出をするが、売主業者自身も当該案内所で売買契約の申込みを受ける場合 は、売主業者も届出をする。,届出をすべき場所として、宅地建物取引業者が業務に関し展示会その他これに類する催し を実施する場所が定められているが、その催しを開始する 10 日前までに、実施場所を管轄 する都道府県知事に届け出なければならず、免許を受けた国土交通大臣又は都道府県知事に 届け出る必要はない。,【結論】正解D（4）※誤り。 / 【根拠】展示会等の開催場所の届出先は開催地を管轄する都道府県知事。免許権者ではない。,3,R6;宅建業法;届出をすべき場所
2024,40,宅建業法,37条書面(記載事項/賃貸),宅地建物取引業者が媒介により既存建物の貸借の契約を成立させた場合、宅地建 物取引業法第 37 条の規定により当該貸借の契約当事者に対して交付すべき書面に必ず記載し なければならない事項の組合せとして正しいものは次の 1 から 4 のうちどれか。 ア　当該建物に係る租税その他の公課の負担 イ　敷金や共益費など借賃以外の金銭の授受に関する定めがあるときは、その額並びに当該金 銭の授受の時期及び目的 ウ　損害賠償額の予定又は違約金に関する定めがあるときは、その内容 エ　建物の構造耐力上主要な部分又は雨水の侵入を防止する部分として国土交通省令で定める ものの状況,ア、イ,イ、ウ,ウ、エ,ア、エ,【結論】正解B（2）＝イ・ウ。 / 【根拠】既存建物賃貸の37条書面：敷金等・違約金は必記。租税負担・構造主要部分は35条側。,3,R6;宅建業法;37条書面(記載事項/賃貸)
2024,41,宅建業法,35条/重要事項説明(特定事項),宅地建物取引業者が行う宅地建物取引業法第 35 条に規定する重要事項の説明に 関する次の記述のうち、正しいものはいくつあるか。なお、説明の相手方は宅地建物取引業者 ではないものとする。 ア　中古マンションの一室の売買の媒介を行う場合、抵当権が設定されていても、契約日まで にその登記が抹消される予定であるときは、当該抵当権の内容について説明しなくてもよい。 イ　宅地の貸借の媒介を行う場合、借地権の存続期間を 50 年とする賃貸借契約において、当 該契約終了時における当該宅地の上の建物の取壊しに関する事項を定めようとするときは、 その内容を説明しなければならない。 ウ　建物の貸借の媒介を行う場合、当該建物が住宅の品質確保の促進等に関する法律第 5 条第 1 項に規定する住宅性能評価を受けた新築住宅であるときは、その旨を説明しなければなら ない。 エ　宅地の売買の媒介を行う場合、当該宅地が急傾斜地の崩壊による災害の防止に関する法律 第 3 条の規定に基づく急傾斜地崩壊危険区域内にあることは説明しなければならないが、当 該区域内における行為の制限の概要については説明しなくてもよい。,一つ,二つ,三つ,なし,【結論】正解B（2）＝二つ。 / 【根拠】イ・ウが○。アは抹消予定でも内容説明要、エは区域の行為制限の“概要”も説明要。,3,R6;宅建業法;35条/重要事項説明(特定事項)
2024,42,宅建業法,誇大広告等・事故物件ガイドライン,次の記述のうち、宅地建物取引業法の規定及び「宅地建物取引業者による人の死 の告知に関するガイドライン」によれば、誤っているものはどれか。,宅地建物取引業者は、宅地建物取引業に係る契約の締結の勧誘をするに際し、宅地建物取 引業者の相手方等に対し、利益を生ずることが確実であると誤解させるべき断定的判断を提 供する行為をしてはならない。,宅地建物取引業者は、宅地又は建物の売買の契約の締結の勧誘をするに際し、宅地建物取 引業者の相手方等に対し、宅地又は建物の引渡しの時期について故意に不実のことを告げた 場合であっても、契約が成立したときに宅地建物取引業法第 37 条の規定により交付すべき 書面に当該事項を正確に記載すればよい。,「宅地建物取引業者による人の死の告知に関するガイドライン」によれば、売買取引の対 象となる居住用不動産において、自然死や日常生活の中での不慮の死が発生した場合であっ ても、過去に人が死亡し、長期間にわたって人知れず放置されたこと等に伴ういわゆる特殊 清掃や大規模リフォーム等が行われていなければ、宅地建物取引業者は、原則として、買主 に対してこれを告げなくてもよい。,「宅地建物取引業者による人の死の告知に関するガイドライン」によれば、賃貸借取引の 対象となる居住用不動産において、自然死や日常生活の中での不慮の死以外の死が発生した 場合であっても、特段の事情がない限り、当該死が発覚してから概ね 3 年間を経過した後は、 宅地建物取引業者は、原則として、借主に対してこれを告げなくてもよい。,【結論】正解B（2）※誤り。 / 【根拠】不実告知をしておいて“後で37条に正確記載すればOK”にはならない（不当勧誘）。,3,R6;宅建業法;誇大広告等・事故物件ガイドライン
2024,43,宅建業法,宅建士/登録・証,宅地建物取引士の登録及び宅地建物取引士証に関する次の記述のうち、誤ってい るものはどれか。,宅地建物取引士の登録を受けている者は、宅地建物取引士証の交付を受けていない場合で も、その住所に変更があれば、登録を受けている都道府県知事に変更の登録を申請しなけれ ばならない。,宅地建物取引士は、宅地建物取引士の信用又は品位を害するような行為をしてはならず、 この行為には宅地建物取引士としての職務に必ずしも直接関係しない行為や私的な行為も含 まれる。,宅地建物取引士は、取引の関係者から請求があったときは、宅地建物取引士証を提示しな ければならないが、その際、個人情報保護の観点から宅地建物取引士証の住所欄にシールを 貼った上で提示することが認められている。,宅地建物取引士証に記載される宅地建物取引士の氏名については現姓を用いなければなら ず、旧姓を併記することは認められていない。,【結論】正解B（2）。 / 【根拠】信用・品位を害する行為は私生活上でも処分対象になり得る。,3,R6;宅建業法;宅建士/登録・証
2024,44,宅建業法,37条書面(違反/記載漏れ),宅地建物取引業者Ａが宅地建物取引業法第 37 条の規定により交付すべき書面 （以下この問において「37 条書面」という。）に関する次の記述のうち、宅地建物取引業法の 規定に違反しないものはどれか。,Ａは、建築工事完了前の建物の売買契約を媒介したときに、37 条書面に記載する当該建 物を特定するために必要な表示について、宅地建物取引業法第 35 条の規定に基づく重要事 項の説明において使用した図書を交付することによって行った。,Ａは、貸主Ｂと借主Ｃとの間で締結された建物の賃貸借契約を媒介したときに、借賃の額、 支払時期及び支払方法について定められていたが、ＢとＣの承諾を得たので、37 条書面に 記載しなかった。,Ａは、宅地建物取引業者Ｄと宅地建物取引業者Ｅとの間で締結された宅地の売買契約を媒 介したときに、37 条書面に当該宅地の引渡しの時期を記載しなかった。,Ａが建物の売買契約を買主として締結した場合に、売主Ｆに承諾を得たので、37 条書面 をＦに交付しなかった。 (cid:12681),【結論】正解B（2）※「違反しないもの」。 / 【根拠】他肢はいずれも明確に違反となる肢構成の中で②が適法枠。,3,R6;宅建業法;37条書面(違反/記載漏れ)
2024,45,宅建業法,住宅瑕疵担保履行法,特定住宅瑕疵担保責任の履行の確保等に関する法律に基づく住宅販売瑕  疵 担保保  証金（以下この問において「保証金」という。）の供託又は住宅販売瑕  疵 担保責任保険契約 （以下この問において「保険契約」という。）の締結に関する次の記述のうち、正しいものはど れか。,自ら売主として宅地建物取引業者ではない買主に引き渡した新築住宅の戸数が、基準日前 10 年間に 10 戸あるが、当該基準日前 1 年間は 0 戸である場合、当該売主である宅地建物取 引業者は、当該基準日に係る保証金の供託又は保険契約の締結の状況について届出を行う必 要はない。,自ら売主として新築住宅を宅地建物取引業者ではない買主に引き渡した宅地建物取引業者 は、基準日に係る保証金の供託及び保険契約の締結の状況について届出をしなければ、当該 基準日の翌日から起算して 50 日を経過した日以後においては、新たに自ら売主となる新築 住宅の売買契約を締結してはならない。,保険契約は、新築住宅の引渡し時から有効でなければならないが、買主が当該住宅の引渡 し時から 10 年以内に当該住宅を転売した場合、当該保険契約は解除される。,自ら売主として宅地建物取引業者ではない買主に新築住宅を引き渡した宅地建物取引業者 が、保証金を供託する場合、当該住宅の床面積が 25 m2 以下であるときは、新築住宅の合計 戸数の算定に当たって、 3 戸をもって 1 戸と数えることになる。,【結論】正解A（1）。 / 【根拠】直前1年0戸なら届出不要（対象外）。,3,R6;宅建業法;住宅瑕疵担保履行法
2024,46,その他,住宅金融支援機構,独立行政法人住宅金融支援機構（以下この問において「機構」という。）に関す る次の記述のうち、誤っているものはどれか。,証券化支援業務（買取型）において、機構による譲受けの対象となる住宅の購入に必要な 資金の貸付けに係る金融機関の貸付債権には、当該住宅の購入に付随する当該住宅の改良に 必要な資金は含まれない。,機構は、地震に対する安全性の向上を主たる目的とする住宅の改良に必要な資金の貸付け を業務として行っている。,機構は、民間金融機関による住宅資金の供給を支援するため、民間金融機関が貸し付けた 住宅ローンについて、住宅融資保険を引き受けている。,機構は、住宅のエネルギー消費性能（建築物のエネルギー消費性能の向上等に関する法律 第 2 条第 1 項第 2 号に規定するエネルギー消費性能をいう。）の向上を主たる目的とする住 宅の改良に必要な資金の貸付けを業務として行っている。,【結論】正解B（2）※誤り。 / 【根拠】機構は耐震改修資金の“貸付業務”は行っていない（他の支援枠組み）。,3,R6;その他;住宅金融支援機構
2024,47,その他,景品表示法・公正競争規約,宅地建物取引業者が行う広告に関する次の記述のうち、不当景品類及び不当表示 防止法（不動産の表示に関する公正競争規約を含む。）の規定によれば、正しいものはどれか。,新築分譲住宅の予告広告（価格が確定していないため、直ちに取引することができない物 件について、取引開始時期をあらかじめ告知する広告）を新聞折込チラシを用いて行った場 合は、本広告を新聞折込チラシ以外の媒体を用いて行ってはならない。,土地取引において、当該土地上に廃屋が存在するとき、実際の土地を見れば廃屋が存在す ることは明らかであるため、廃屋が存在する旨を明示する必要はない。,交通の利便性について、電車、バス等の交通機関の所要時間を表示する場合は、朝の通勤 ラッシュ時の所要時間ではなく、平常時の所要時間を明示しなければならない。,居住の用に供されたことはないが建築後 1 年以上経過した一戸建て住宅について、新築で ある旨を表示することはできない。,【結論】正解D（4）。 / 【根拠】完成後1年超は未入居でも“新築”表示不可。,3,R6;その他;景品表示法・公正競争規約
2024,48,その他,統計・地価公示等,次の記述のうち、正しいものはどれか。,令和 6 年地価公示（令和 6 年 3 月公表）によれば、令和 5 年 1 月以降の 1 年間の地価の動 向は、三大都市圏・地方圏ともに、全用途平均・住宅地・商業地のいずれも 3 年連続で上昇 した。,令和 4 年度宅地建物取引業法の施行状況調査（令和 5 年 10 月公表）によれば、令和 5 年 3 月末における宅地建物取引士の総登録者数は、200 万人を超えている。,令和 5 年住宅・土地統計調査住宅数概数集計（速報集計）結果（令和 6 年 4 月公表）によ れば、令和 5 年 10 月 1 日現在における賃貸・売却用及び二次的住宅（別荘など）を除く空 き家は、900 万戸に達している。,建築着工統計（令和 6 年 1 月公表）によれば、令和 5 年の新設住宅着工戸数は 90 万戸を 超え、 3 年連続で増加した。,【結論】正解A（1）。 / 【根拠】R6地価公示：三大都市圏・地方圏とも全用途・住宅地・商業地で上昇（3年連続）。,3,R6;その他;統計・地価公示等
2024,49,その他,土地/擁壁・地盤,土地に関する次の記述のうち、最も不適当なものはどれか。,30 度以上の角度をなす斜面を背後に控える宅地は、崖面への保護対策を講じるか、擁壁 を設けるなどの必要がある。,高さ 2 m 以下の擁壁であれば、水抜き孔を有しなくても、地震による被害が生じること はない。,重力式擁壁は、擁壁の自重により、背面からの土圧に抵抗するコンクリート構造物である。,工場跡地や埋立地などでは、重金属や揮発性有機化合物などによる土壌汚染が問題となる ことがある。,【結論】正解B（2）※最も不適当。 / 【根拠】低い擁壁でも排水構造は必要。地震被害が“生じない”とは断定できない。,3,R6;その他;土地/擁壁・地盤
2024,50,その他,建物構造,建物の構造に関する次の記述のうち、最も不適当なものはどれか。,ラーメン構造は、柱を鉛直方向、梁 を水平方向に配置し、接合部を強く固めた構造である。,ブレース構造は、柱や梁 などで構成された四角形の対角線上に部材を入れた構造である。 (cid:12719)(cid:12746) (cid:12719)(cid:12746),ブレース構造は、骨組全てに用いることが多く、ラーメン構造など他の構造と併用するこ とはない。,壁式構造は、板状の壁と床を箱形に組み、建物とする構造で、原則として、柱や梁 は用い (cid:12719)(cid:12746) ない。 25 受 験 番 号 ― 受 験 者 氏 名 令 和 6 年 度 問 題 1 3 1 1 1 4 3 4 3 2 3 1 2 3 4 4 3 2 3 1 2 4 3 2 2 4 1 3 4 1 1 2 4 3 4 1 2 2 4 1 2 3 4 4 2 4 2 4 2,【結論】正解C（3）※最も不適当。 / 【根拠】ブレース構造はラーメン構造と併用されることが多い。併用しない、は誤り。,3,R6;その他;建物構造
2023,1,権利関係,民法/相続・遺産（賃料債権）,次の 1 から 4 までの記述のうち、民法の規定、判例及び下記判決文によれば、 誤っているものはどれか。 （判決文） 遺産は、相続人が数人あるときは、相続開始から遺産分割までの間、共同相続人の共有に属 するものであるから、この間に遺産である賃貸不動産を使用管理した結果生ずる金銭債権たる 賃料債権は、遺産とは別個の財産というべきであって、各共同相続人がその相続分に応じて分 割単独債権として確定的に取得するものと解するのが相当である。,遺産である不動産から、相続開始から遺産分割までの間に生じた賃料債権は、遺産である 不動産が遺産分割によって複数の相続人のうちの一人に帰属することとなった場合、当該不 動産が帰属することになった相続人が相続開始時にさかのぼって取得する。,相続人が数人あるときは、相続財産は、その共有に属し、各共同相続人は、その相続分に 応じて被相続人の権利義務を承継する。,遺産分割の効力は、相続開始の時にさかのぼって生ずる。ただし、第三者の権利を害する ことはできない。,遺産である不動産が遺産分割によって複数の相続人のうちの一人に帰属することとなった 場合、当該不動産から遺産分割後に生じた賃料債権は、遺産分割によって当該不動産が帰属 した相続人が取得する。,,3,R5;権利関係;民法/相続・遺産（賃料債権）
2023,2,権利関係,民法/相隣関係,相隣関係に関する次の記述のうち、民法の規定によれば、正しいものはどれか。,土地の所有者は、境界標の調査又は境界に関する測量等の一定の目的のために必要な範囲 内で隣地を使用することができる場合であっても、住家については、その家の居住者の承諾 がなければ、当該住家に立ち入ることはできない。,土地の所有者は、隣地の竹木の枝が境界線を越える場合、その竹木の所有者にその枝を切 除させることができるが、その枝を切除するよう催告したにもかかわらず相当の期間内に切 除しなかったときであっても、自らその枝を切り取ることはできない。,相隣者の一人は、相隣者間で共有する障壁の高さを増すときは、他方の相隣者の承諾を得 なければならない。,他の土地に囲まれて公道に通じない土地の所有者は、公道に出るためにその土地を囲んで いる他の土地を自由に選んで通行することができる。,,3,R5;権利関係;民法/相隣関係
2023,3,権利関係,民法/請負・契約不適合,Ａを注文者、Ｂを請負人として、Ａ所有の建物に対して独立性を有さずその構成 部分となる増築部分の工事請負契約を締結し、Ｂは 3 か月間で増築工事を終了させた。この場 合に関する次の記述のうち、民法の規定及び判例によれば、誤っているものはどれか。なお、 この問において「契約不適合」とは品質に関して契約の内容に適合しないことをいい、当該請 負契約には契約不適合責任に関する特約は定められていなかったものとする。,ＡがＢに請負代金を支払っていなくても、Ａは増築部分の所有権を取得する。,Ｂが材料を提供して増築した部分に契約不適合がある場合、Ａは工事が終了した日から 1 年以内にその旨をＢに通知しなければ、契約不適合を理由とした修補をＢに対して請求する ことはできない。,Ｂが材料を提供して増築した部分に契約不適合があり、Ｂは不適合があることを知りなが らそのことをＡに告げずに工事を終了し、Ａが工事終了日から 3 年後に契約不適合を知った 場合、ＡはＢに対して、消滅時効が完成するまでは契約不適合を理由とした修補を請求する ことができる。,増築した部分にＡが提供した材料の性質によって契約不適合が生じ、Ｂが材料が不適当で あることを知らずに工事を終了した場合、ＡはＢに対して、Ａが提供した材料によって生じ た契約不適合を理由とした修補を請求することはできない。,,3,R5;権利関係;民法/請負・契約不適合
2023,4,権利関係,民法/相殺,ＡがＢに対して貸金債権である甲債権を、ＢがＡに対して貸金債権である乙債権 をそれぞれ有している場合において、民法の規定及び判例によれば、次のアからエまでの記述 のうち、Ａが一方的な意思表示により甲債権と乙債権とを対当額にて相殺できないものを全て 掲げたものは、次の 1 から 4 のうちどれか。なお、いずれの債権も相殺を禁止し又は制限する 旨の意思表示はされていないものとする。 ア　弁済期の定めのない甲債権と、弁済期到来前に、ＡがＢに対して期限の利益を放棄する旨 の意思表示をした乙債権 イ　弁済期が到来している甲債権と、弁済期の定めのない乙債権 ウ　弁済期の定めのない甲債権と、弁済期が到来している乙債権 エ　弁済期が到来していない甲債権と、弁済期が到来している乙債権,ア、イ、ウ,イ、ウ,ウ、エ,エ,,3,R5;権利関係;民法/相殺
2023,5,権利関係,民法/不在者財産管理,従来の住所又は居所を去った者（以下この問において「不在者」という。）の財 産の管理に関する次の記述のうち、民法の規定及び判例によれば、正しいものはどれか。なお、 この問において「管理人」とは、不在者の財産の管理人をいうものとする。,不在者が管理人を置かなかったときは、当該不在者の生死が 7 年間明らかでない場合に限 り、家庭裁判所は、利害関係人又は検察官の請求により、その財産の管理について必要な処 分を命ずることができる。,不在者が管理人を置いた場合において、その不在者の生死が明らかでないときは、家庭裁 判所は、利害関係人又は検察官から請求があったとしても管理人を改任することはできない。,家庭裁判所により選任された管理人は、不在者を被告とする建物収去土地明渡請求を認容 した第一審判決に対して控訴を提起するには、家庭裁判所の許可が必要である。,家庭裁判所により選任された管理人は、保存行為として不在者の自宅を修理することがで きるほか、家庭裁判所の許可を得てこれを売却することができる。,,3,R5;権利関係;民法/不在者財産管理
2023,6,権利関係,民法/取得時効,Ａ所有の甲土地について、Ｂが所有の意思をもって平穏にかつ公然と時効取得に 必要な期間占有を継続した場合に関する次の記述のうち、民法の規定及び判例によれば、正し いものはいくつあるか。 ア　ＡがＣに対して甲土地を売却し、Ｃが所有権移転登記を備えた後にＢの取得時効が完成し た場合には、Ｂは登記を備えていなくても、甲土地の所有権の時効取得をＣに対抗すること ができる。 イ　Ｂの取得時効が完成した後に、ＡがＤに対して甲土地を売却しＤが所有権移転登記を備え、 Ｂが、Ｄの登記の日から所有の意思をもって平穏にかつ公然と時効取得に必要な期間占有を 継続した場合、所有権移転登記を備えていなくても、甲土地の所有権の時効取得をＤに対抗 することができる。 ウ　Ｂの取得時効完成後、Ｂへの所有権移転登記がなされないままＥがＡを債務者として甲土 地にＡから抵当権の設定を受けて抵当権設定登記をした場合において、Ｂがその後引き続き 所有の意思をもって平穏にかつ公然と時効取得に必要な期間占有を継続した場合、特段の事 情がない限り、再度の時効取得により、Ｂは甲土地の所有権を取得し、Ｅの抵当権は消滅す る。,一つ,二つ,三つ,なし,,3,R5;権利関係;民法/取得時効
2023,7,権利関係,民法/配偶者居住権,甲建物を所有するＡが死亡し、Ａの配偶者Ｂが甲建物の配偶者居住権を、Ａの子 Ｃが甲建物の所有権をそれぞれ取得する旨の遺産分割協議が成立した場合に関する次の記述の うち、民法の規定によれば、正しいものはどれか。,遺産分割協議において、Ｂの配偶者居住権の存続期間が定められなかった場合、配偶者居 住権の存続期間は 20 年となる。,Ｂが高齢となり、バリアフリーのマンションに転居するための資金が必要になった場合、 Ｂは、Ｃの承諾を得ずに甲建物を第三者Ｄに賃貸することができる。,Ｃには、Ｂに対し、配偶者居住権の設定の登記を備えさせる義務がある。,Ｃは、甲建物の通常の必要費を負担しなければならない。,,3,R5;権利関係;民法/配偶者居住権
2023,8,権利関係,民法/制限行為能力（未成年）,未成年者Ａが、法定代理人Ｂの同意を得ずに、Ｃから甲建物を買い受ける契約 （以下この問において「本件売買契約」という。）を締結した場合における次の記述のうち、民 法の規定によれば、正しいものはどれか。なお、Ａに処分を許された財産はなく、Ａは、営業 を許されてはいないものとする。,ＡがＢの同意を得ずに制限行為能力を理由として本件売買契約を取り消した場合、Ｂは、 自己が本件売買契約の取消しに同意していないことを理由に、Ａの当該取消しの意思表示を 取り消すことができる。,本件売買契約締結時にＡが未成年者であることにつきＣが善意無過失であった場合、Ｂは、 Ａの制限行為能力を理由として、本件売買契約を取り消すことはできない。,本件売買契約につき、取消しがなされないままＡが成年に達した場合、本件売買契約につ いてＢが反対していたとしても、自らが取消権を有すると知ったＡは、本件売買契約を追認 することができ、追認後は本件売買契約を取り消すことはできなくなる。,本件売買契約につき、Ｂが追認しないまま、Ａが成年に達する前にＢの同意を得ずに甲建 物をＤに売却した場合、ＢがＤへの売却について追認していないときでも、Ａは制限行為能 力を理由として、本件売買契約を取り消すことはできなくなる。,,3,R5;権利関係;民法/制限行為能力（未成年）
2023,9,権利関係,民法/賃貸借・修繕,Ａを貸主、Ｂを借主として甲建物の賃貸借契約が令和 5 年 7 月 1 日に締結された 場合の甲建物の修繕に関する次の記述のうち、民法の規定によれば、誤っているものはどれか。,甲建物の修繕が必要であることを、Ａが知ったにもかかわらず、Ａが相当の期間内に必要 な修繕をしないときは、Ｂは甲建物の修繕をすることができる。,甲建物の修繕が必要である場合において、ＢがＡに修繕が必要である旨を通知したにもか かわらず、Ａが必要な修繕を直ちにしないときは、Ｂは甲建物の修繕をすることができる。,Ｂの責めに帰すべき事由によって甲建物の修繕が必要となった場合は、Ａは甲建物を修繕 する義務を負わない。,甲建物の修繕が必要である場合において、急迫の事情があるときは、Ｂは甲建物の修繕を することができる。,,3,R5;権利関係;民法/賃貸借・修繕
2023,10,権利関係,民法/抵当権順位・配当,"債務者Ａが所有する甲土地には、債権者Ｂが一番抵当権（債権額 1,000 万円）、 債権者Ｃが二番抵当権（債権額 1,200 万円）、債権者Ｄが三番抵当権（債権額 2,000 万円）を それぞれ有しているが、ＢがＤの利益のため、Ａの承諾を得て抵当権の順位を放棄した。甲土 地の競売に基づく売却代金が 2,400 万円であった場合、Ｂの受ける配当額として、民法の規定 によれば、正しいものはどれか。",0 円,200 万円,400 万円,800 万円,,3,R5;権利関係;民法/抵当権順位・配当
2023,11,法令上の制限,借地借家法/借地,ＡがＢとの間で、Ａ所有の甲土地につき建物所有目的で期間を 50 年とする賃貸 借契約（以下この問において「本件契約」という。）を締結する場合に関する次の記述のうち、 借地借家法の規定及び判例によれば、正しいものはどれか。,本件契約に、当初の 10 年間は地代を減額しない旨の特約を定めた場合、その期間内は、 ＢはＡに対して地代の減額請求をすることはできない。,本件契約が甲土地上で専ら賃貸アパート事業用の建物を所有する目的である場合、契約の 更新や建物の築造による存続期間の延長がない旨を定めるためには、公正証書で合意しなけ ればならない。,本件契約に建物買取請求権を排除する旨の特約が定められていない場合、本件契約が終了 したときは、その終了事由のいかんにかかわらず、ＢはＡに対してＢが甲土地上に所有して いる建物を時価で買い取るべきことを請求することができる。,本件契約がＢの居住のための建物を所有する目的であり契約の更新がない旨を定めていな い契約であって、期間満了する場合において甲土地上に建物があり、Ｂが契約の更新を請求 したとしても、Ａが遅滞なく異議を述べ、その異議に更新を拒絶する正当な事由があると認 められる場合は、本件契約は更新されない。,,3,R5;法令上の制限;借地借家法/借地
2023,12,法令上の制限,借地借家法/建物賃貸借,令和 5 年 7 月 1 日に締結された建物の賃貸借契約（定期建物賃貸借契約及び一時 使用目的の建物の賃貸借契約を除く。）に関する次の記述のうち、民法及び借地借家法の規定 並びに判例によれば、正しいものはどれか。,期間を 1 年未満とする建物の賃貸借契約は、期間を 1 年とするものとみなされる。,当事者間において、一定の期間は建物の賃料を減額しない旨の特約がある場合、現行賃料 が不相当になったなどの事情が生じたとしても、この特約は有効である。,賃借人が建物の引渡しを受けている場合において、当該建物の賃貸人が当該建物を譲渡す るに当たり、当該建物の譲渡人及び譲受人が、賃貸人たる地位を譲渡人に留保する旨及び当 該建物の譲受人が譲渡人に賃貸する旨の合意をしたときは、賃貸人たる地位は譲受人に移転 しない。,現行賃料が定められた時から一定の期間が経過していなければ、賃料増額請求は、認めら れない。,,3,R5;法令上の制限;借地借家法/建物賃貸借
2023,13,法令上の制限,区分所有法,建物の区分所有等に関する法律（以下この問において「法」という。）に関する 次の記述のうち、誤っているものはどれか。,集会においては、法で集会の決議につき特別の定数が定められている事項を除き、規約で 別段の定めをすれば、あらかじめ通知した事項以外についても決議することができる。,集会は、区分所有者の 4 分の 3 以上の同意があるときは、招集の手続を経ないで開くこと ができる。,共用部分の保存行為は、規約に別段の定めがある場合を除いて、各共有者がすることがで きるため集会の決議を必要としない。,一部共用部分に関する事項で区分所有者全員の利害に関係しないものについての区分所有 者全員の規約は、当該一部共用部分を共用すべき区分所有者が 8 人である場合、 3 人が反対 したときは変更することができない。,,3,R5;法令上の制限;区分所有法
2023,14,法令上の制限,不動産登記法,不動産の登記に関する次の記述のうち、不動産登記法の規定によれば、誤ってい るものはどれか。,建物が滅失したときは、表題部所有者又は所有権の登記名義人は、その滅失の日から 1 か 月以内に、当該建物の滅失の登記を申請しなければならない。,何人も、理由の有無にかかわらず、登記官に対し、手数料を納付して、登記簿の附属書類 である申請書を閲覧することができる。,共有物分割禁止の定めに係る権利の変更の登記の申請は、当該権利の共有者である全ての 登記名義人が共同してしなければならない。,区分建物の所有権の保存の登記は、表題部所有者から所有権を取得した者も、申請するこ とができる。,,3,R5;法令上の制限;不動産登記法
2023,15,法令上の制限,都市計画法,都市計画法に関する次の記述のうち、正しいものはどれか。,市街化調整区域は、土地利用を整序し、又は環境を保全するための措置を講ずることなく 放置すれば、将来における一体の都市としての整備に支障が生じるおそれがある区域とされ ている。,高度利用地区は、土地の合理的かつ健全な高度利用と都市機能の更新とを図るため、都市 計画に、建築物の高さの最低限度を定める地区とされている。,特定用途制限地域は、用途地域が定められている土地の区域内において、都市計画に、制 限すべき特定の建築物等の用途の概要を定める地域とされている。,地区計画は、用途地域が定められている土地の区域のほか、一定の場合には、用途地域が 定められていない土地の区域にも定めることができる。,,3,R5;法令上の制限;都市計画法
2023,16,法令上の制限,都市計画法,都市計画法に関する次の記述のうち、正しいものはどれか。ただし、この問にお いて条例による特別の定めはないものとし、「都道府県知事」とは、地方自治法に基づく指定 都市、中核市及び施行時特例市にあってはその長をいうものとする。,開発許可を申請しようとする者は、あらかじめ、開発行為に関係がある公共施設の管理者 と協議し、その同意を得なければならない。,開発許可を受けた者は、当該許可を受ける際に申請書に記載した事項を変更しようとする 場合においては、都道府県知事に届け出なければならないが、当該変更が国土交通省令で定 める軽微な変更に当たるときは、届け出なくてよい。,開発許可を受けた者は、当該開発行為に関する工事が完了し、都道府県知事から検査済証 を交付されたときは、遅滞なく、当該工事が完了した旨を公告しなければならない。,市街化調整区域のうち開発許可を受けた開発区域以外の区域内において、自己の居住用の 住宅を新築しようとする全ての者は、当該建築が開発行為を伴わない場合であれば、都道府 県知事の許可を受けなくてよい。,,3,R5;法令上の制限;都市計画法
2023,17,法令上の制限,建築基準法,建築基準法に関する次の記述のうち、誤っているものはどれか。,地方公共団体は、条例で、津波、高潮、出水等による危険の著しい区域を災害危険区域と して指定し、当該区域内における住居の用に供する建築物の建築を禁止することができる。,"3 階建て以上の建築物の避難階以外の階を、床面積の合計が 1,500 m2 を超える物品販売 業の店舗の売場とする場合には、当該階から避難階又は地上に通ずる 2 以上の直通階段を設 けなければならない。",建築物が防火地域及び準防火地域にわたる場合、その全部について準防火地域内の建築物 に関する規定を適用する。,石綿等をあらかじめ添加した建築材料は、石綿等を飛散又は発散させるおそれがないもの として国土交通大臣が定めたもの又は国土交通大臣の認定を受けたものを除き、使用しては ならない。,,3,R5;法令上の制限;建築基準法
2023,18,法令上の制限,建築基準法,次の記述のうち、建築基準法（以下この問において「法」という。）の規定によ れば、正しいものはどれか。,法第 53 条第 1 項及び第 2 項の建(cid:7789)率制限に係る規定の適用については、準防火地域内に ある準耐火建築物であり、かつ、街区の角にある敷地又はこれに準ずる敷地で特定行政庁が 指定するものの内にある建築物にあっては同条第 1 項各号に定める数値に 10 分の 2 を加え たものをもって当該各号に定める数値とする。,建築物又は敷地を造成するための擁壁は、道路内に、又は道路に突き出して建築し、又は 築造してはならず、地盤面下に設ける建築物においても同様である。,地方公共団体は、その敷地が袋路状道路にのみ接する建築物であって、延べ面積が 150 m2 を超えるものについては、一戸建ての住宅であっても、条例で、その敷地が接しなければな らない道路の幅員、その敷地が道路に接する部分の長さその他その敷地又は建築物と道路と の関係に関して必要な制限を付加することができる。,冬至日において、法第 56 条の 2 第 1 項の規定による日影規制の対象区域内の土地に日影 を生じさせるものであっても、対象区域外にある建築物であれば一律に、同項の規定は適用 されない。,,3,R5;法令上の制限;建築基準法
2023,19,法令上の制限,宅地造成等規制法,宅地造成等規制法に関する次の記述のうち、誤っているものはどれか。なお、こ の問において「都道府県知事」とは、地方自治法に基づく指定都市、中核市及び施行時特例市 にあってはその長をいうものとする。,都道府県知事は、関係市町村長の意見を聴いて、宅地造成工事規制区域内で、宅地造成に 伴う災害で相当数の居住者その他の者に危害を生ずるものの発生のおそれが大きい一団の造 成宅地の区域であって、一定の基準に該当するものを、造成宅地防災区域として指定するこ とができる。,都道府県知事は、その地方の気候、風土又は地勢の特殊性により、宅地造成等規制法の規 定のみによっては宅地造成に伴うがけ崩れ又は土砂の流出の防止の目的を達し難いと認める 場合は、都道府県（地方自治法に基づく指定都市、中核市又は施行時特例市の区域にあって は、それぞれ指定都市、中核市又は施行時特例市）の規則で、宅地造成工事規制区域内にお いて行われる宅地造成に関する工事の技術的基準を強化し、又は付加することができる。,都道府県知事は、宅地造成工事規制区域内の宅地について、宅地造成に伴う災害を防止す るために必要があると認める場合には、その宅地の所有者に対して、擁壁等の設置等の措置 をとることを勧告することができる。,宅地造成工事規制区域内の宅地において、雨水その他の地表水又は地下水を排除するため の排水施設の除却工事を行おうとする場合は、一定の場合を除き、都道府県知事への届出が 必要となる。,,3,R5;法令上の制限;宅地造成等規制法
2023,20,法令上の制限,土地区画整理法,土地区画整理法に関する次の記述のうち、誤っているものはどれか。,換地計画において定められた清算金は、換地処分の公告があった日の翌日において確定す る。,現に施行されている土地区画整理事業の施行地区となっている区域については、その施行 者の同意を得なければ、その施行者以外の者は、土地区画整理事業を施行することができな い。,施行者は、換地処分の公告があった場合において、施行地区内の土地及び建物について土 地区画整理事業の施行により変動があったときは、遅滞なく、その変動に係る登記を申請し、 又は嘱託しなければならない。,土地区画整理組合は、仮換地を指定しようとする場合においては、あらかじめ、その指定 について、土地区画整理審議会の同意を得なければならない。,,3,R5;法令上の制限;土地区画整理法
2023,21,税・価格・その他,農地法,農地に関する次の記述のうち、農地法（以下この問において「法」という。）の 規定によれば、誤っているものはどれか。,相続により農地を取得する場合は、法第 3 条第 1 項の許可を要しないが、相続人に該当し ない者が特定遺贈により農地を取得する場合は、同項の許可を受ける必要がある。,自己の所有する面積 4 アールの農地を農作物の育成又は養畜の事業のための農業用施設に 転用する場合は、法第 4 条第 1 項の許可を受ける必要はない。,法第 3 条第 1 項又は法第 5 条第 1 項の許可が必要な農地の売買について、これらの許可を 受けずに売買契約を締結しても、その所有権の移転の効力は生じない。,社会福祉事業を行うことを目的として設立された法人（社会福祉法人）が、農地をその目 的に係る業務の運営に必要な施設の用に供すると認められる場合、農地所有適格法人でなく ても、農業委員会の許可を得て、農地の所有権を取得することができる。,,3,R5;税・価格・その他;農地法
2023,22,税・価格・その他,国土利用計画法・重要土地等調査法,土地を取得する場合における届出に関する次の記述のうち、正しいものはどれか。 なお、この問において「事後届出」とは、国土利用計画法第 23 条の届出をいい、「重要土地等 調査法」とは、重要施設周辺及び国境離島等における土地等の利用状況の調査及び利用の規制 等に関する法律をいうものとする。,"都市計画区域外において、国から一団の土地である 6,000 m2 と 5,000 m2 の土地を購入し た者は、事後届出を行う必要はない。","市街化区域を除く都市計画区域内において、Ａが所有する 7,000 m2 の土地をＢが相続に より取得した場合、Ｂは事後届出を行う必要がある。","市街化区域において、Ｃが所有する 3,000 m2 の土地をＤが購入する契約を締結した場合、 Ｃ及びＤは事後届出を行わなければならない。",重要土地等調査法の規定による特別注視区域内にある 100 m2 の規模の土地に関する所有 権又はその取得を目的とする権利の移転をする契約を締結する場合には、当事者は、一定の 事項を、あらかじめ、内閣総理大臣に届け出なければならない。,,3,R5;税・価格・その他;国土利用計画法・重要土地等調査法
2023,23,税・価格・その他,税/印紙税,印紙税に関する次の記述のうち、正しいものはどれか。なお、以下の契約書はい ずれも書面により作成されたものとする。,売主Ａと買主Ｂが土地の譲渡契約書を 3 通作成し、Ａ、Ｂ及び仲介人Ｃがそれぞれ 1 通ず つ保存する場合、当該契約書 3 通には印紙税が課される。,"一の契約書に土地の譲渡契約（譲渡金額 5,000 万円）と建物の建築請負契約（請負金額 6,000 万円）をそれぞれ区分して記載した場合、印紙税の課税標準となる当該契約書の記載 金額は 1 億 1,000 万円である。","「Ｄの所有する甲土地（時価 2,000 万円）をＥに贈与する」旨を記載した贈与契約書を作 成した場合、印紙税の課税標準となる当該契約書の記載金額は、2,000 万円である。","当初作成の「土地を 1 億円で譲渡する」旨を記載した土地譲渡契約書の契約金額を変更す るために作成する契約書で、「当初の契約書の契約金額を 1,000 万円減額し、9,000 万円と する」旨を記載した変更契約書について、印紙税の課税標準となる当該変更契約書の記載金 額は、1,000 万円である。",,3,R5;税・価格・その他;税/印紙税
2023,24,税・価格・その他,税/不動産取得税,不動産取得税に関する次の記述のうち、正しいものはどれか。,不動産取得税の徴収については、特別徴収の方法によることができる。,不動産取得税は、目的税である。,不動産取得税は、不動産の取得に対し、当該不動産所在の市町村及び特別区において、当 該不動産の取得者に課する。,不動産取得税は、市町村及び特別区に対して、課することができない。,,3,R5;税・価格・その他;税/不動産取得税
2023,25,税・価格・その他,不動産鑑定評価基準,不動産の鑑定評価に関する次の記述のうち、不動産鑑定評価基準によれば、正し いものはどれか。,原価法は、価格時点における対象不動産の収益価格を求め、この収益価格について減価修 正を行って対象不動産の比準価格を求める手法である。,原価法は、対象不動産が建物又は建物及びその敷地である場合には適用することができる が、対象不動産が土地のみである場合においては、いかなる場合も適用することができない。,取引事例比較法における取引事例が、特殊事情のある事例である場合、その具体的な状況 が判明し、事情補正できるものであっても採用することは許されない。,取引事例比較法は、近隣地域若しくは同一需給圏内の類似地域等において対象不動産と類 似の不動産の取引が行われている場合又は同一需給圏内の代替競争不動産の取引が行われて いる場合に有効である。,,3,R5;税・価格・その他;不動産鑑定評価基準
2023,26,宅建業法,37条書面(電磁的方法),宅地建物取引業法第 37 条の規定により交付すべき書面に記載すべき事項を電磁 的方法により提供すること（以下この問において「37 条書面の電磁的方法による提供」とい う。）に関する次の記述のうち、正しいものはいくつあるか。 ア　宅地建物取引業者が自ら売主として締結する売買契約において、当該契約の相手方から宅 地建物取引業法施行令第 3 条の 4 第 1 項に規定する承諾を得なければ、37 条書面の電磁的 方法による提供をすることができない。 イ　宅地建物取引業者が媒介業者として関与する売買契約について、宅地建物取引業法施行令 第 3 条の 4 第 1 項に規定する承諾を取得するための通知の中に宅地建物取引士を明示してお けば、37 条書面の電磁的方法による提供において提供に係る宅地建物取引士を明示する必 要はない。 ウ　宅地建物取引業者が自ら売主として締結する売買契約において、37 条書面の電磁的方法 による提供を行う場合、当該提供されたファイルへの記録を取引の相手方が出力することに より書面を作成できるものでなければならない。 エ　宅地建物取引業者が媒介業者として関与する建物賃貸借契約について、37 条書面の電磁 的方法による提供を行う場合、当該提供するファイルに記録された記載事項について、改変 が行われていないかどうかを確認することができる措置を講じなければならない。,一つ,二つ,三つ,四つ,,3,R5;宅建業法;37条書面(電磁的方法)
2023,27,宅建業法,建物状況調査,宅地建物取引業法第 34 条の 2 第 1 項第 4 号に規定する建物状況調査（以下この 問において「建物状況調査」という。）に関する次の記述のうち、誤っているものはどれか。,建物状況調査とは、建物の構造耐力上主要な部分又は雨水の浸入を防止する部分として国 土交通省令で定めるものの状況の調査であって、経年変化その他の建物に生じる事象に関す る知識及び能力を有する者として国土交通省令で定める者が実施するものをいう。,宅地建物取引業者が建物状況調査を実施する者のあっせんを行う場合、建物状況調査を実 施する者は建築士法第 2 条第 1 項に規定する建築士であって国土交通大臣が定める講習を修 了した者でなければならない。,既存住宅の売買の媒介を行う宅地建物取引業者が売主に対して建物状況調査を実施する者 のあっせんを行った場合、宅地建物取引業者は売主から報酬とは別にあっせんに係る料金を 受領することはできない。,既存住宅の貸借の媒介を行う宅地建物取引業者は、宅地建物取引業法第 37 条の規定によ り交付すべき書面に建物の構造耐力上主要な部分等の状況について当事者の双方が確認した 事項を記載しなければならない。,,3,R5;宅建業法;建物状況調査
2023,28,宅建業法,不当勧誘等の禁止,宅地建物取引業者Ａの業務に関する次の記述のうち、宅地建物取引業法（以下こ の問において「法」という。）の規定に違反するものはいくつあるか。 ア　Ａの従業員Ｂが、Ｃが所有する戸建住宅の買取りを目的とした訪問勧誘をＣに対して行っ たところ、Ｃから「契約の意思がないので今後勧誘に来ないでほしい」と言われたことから、 後日、Ａは、別の従業員Ｄに同じ目的で訪問勧誘を行わせて、当該勧誘を継続した。 イ　Ａの従業員Ｅは、Ｆが所有する戸建住宅の買取りを目的とした電話勧誘をＦに対して行っ た際に、不実のことと認識しながら「今後 5 年以内にこの一帯は再開発されるので、急いで 売却した方がよい。」と説明した。 ウ　Ａの従業員Ｇは、Ｈが所有する戸建住宅の買取りを目的とした電話勧誘をＨに対して行お うと考え、23 時頃にＨの自宅に電話をかけ、勧誘を行い、Ｈの私生活の平穏を害し、Ｈを 困惑させた。 エ　Ａは、Ｊとの間でＪが所有する戸建住宅を買い取る売買契約を締結し、法第 37 条の規定 に基づく書面をＪに交付したが、Ａの宅地建物取引士に、当該書面に記名のみさせ、押印さ せることを省略した。,一つ,二つ,三つ,四つ,,3,R5;宅建業法;不当勧誘等の禁止
2023,29,宅建業法,免許・取消,宅地建物取引業の免許（以下この問において「免許」という。）に関する次の記 述のうち、宅地建物取引業法の規定によれば、正しいものはどれか。,宅地建物取引業者Ａ社の使用人であって、Ａ社の宅地建物取引業を行う支店の代表者であ るものが、道路交通法の規定に違反したことにより懲役の刑に処せられたとしても、Ａ社の 免許は取り消されることはない。,宅地建物取引業者Ｂ社の取締役が、所得税法の規定に違反したことにより罰金の刑に処せ られたとしても、Ｂ社の免許は取り消されることはない。,宅地建物取引業者である個人Ｃが、宅地建物取引業法の規定に違反したことにより罰金の 刑に処せられたとしても、Ｃの免許は取り消されることはない。,宅地建物取引業者Ｄ社の非常勤の取締役が、刑法第 222 条（脅迫）の罪を犯したことによ り罰金の刑に処せられたとしても、Ｄ社の免許は取り消されることはない。,,3,R5;宅建業法;免許・取消
2023,30,宅建業法,営業保証金,宅地建物取引業者Ａ（甲県知事免許）の営業保証金に関する次の記述のうち、宅 地建物取引業法の規定によれば、正しいものはいくつあるか。なお、Ａは宅地建物取引業保証 協会の社員ではないものとする。 ア　Ａが免許を受けた日から 6 か月以内に甲県知事に営業保証金を供託した旨の届出を行わな いとき、甲県知事はその届出をすべき旨の催告をしなければならず、当該催告が到達した日 から 1 か月以内にＡが届出を行わないときは、その免許を取り消すことができる。 イ　Ａは、営業保証金を供託したときは、その供託物受入れの記載のある供託書の写しを添付 して、その旨を甲県知事に届け出なければならず、当該届出をした後でなければ、その事業 を開始することができない。 ウ　Ａは、営業保証金が還付され、甲県知事から営業保証金が政令で定める額に不足が生じた 旨の通知を受け、その不足額を供託したときは、30 日以内に甲県知事にその旨を届け出な ければならない。 エ　Ａが免許失効に伴い営業保証金を取り戻す際、供託した営業保証金につき還付を受ける権 利を有する者に対し、 3 か月を下らない一定期間内に申し出るべき旨を公告し、期間内にそ の申出がなかった場合でなければ、取り戻すことができない。,一つ,二つ,三つ,四つ,,3,R5;宅建業法;営業保証金
2023,31,宅建業法,広告規制,宅地建物取引業者がその業務に関して行う広告に関する次の記述のうち、宅地建 物取引業法（以下この問において「法」という。）の規定によれば、正しいものはどれか。な お、この問において「建築確認」とは、建築基準法第 6 条第 1 項の確認をいうものとする。,宅地又は建物の売買に関する注文を受けたときは、遅滞なくその注文をした者に対して取 引態様の別を明らかにしなければならないが、当該注文者が事前に取引態様の別を明示した 広告を見てから注文してきた場合においては、取引態様の別を遅滞なく明らかにする必要は ない。,既存の住宅に関する広告を行うときは、法第 34 条の 2 第 1 項第 4 号に規定する建物状況 調査を実施しているかどうかを明示しなければならない。,これから建築工事を行う予定である建築確認申請中の建物については、当該建物の売買の 媒介に関する広告をしてはならないが、貸借の媒介に関する広告はすることができる。,販売する宅地又は建物の広告に関し、著しく事実に相違する表示をした場合、監督処分の 対象となるだけでなく、懲役若しくは罰金に処せられ、又はこれを併科されることもある。,,3,R5;宅建業法;広告規制
2023,32,宅建業法,届出（変更・廃止等）,宅地建物取引業者が行う届出に関する次の記述のうち、宅地建物取引業法の規定 によれば、誤っているものはどれか。,宅地建物取引業者Ａ（甲県知事免許）が、新たに宅地建物取引業を営む支店を甲県内に設 置した場合、Ａはその日から 30 日以内にその旨を甲県知事に届け出なければならない。,宅地建物取引業者Ｂ（乙県知事免許）が、宅地建物取引業者ではないＣとの合併により消 滅した場合、Ｂを代表する役員であった者は、その日から 30 日以内にその旨を乙県知事に 届け出なければならない。,宅地建物取引業者Ｄ（丙県知事免許）が、本店における専任の宅地建物取引士Ｅの退職に 伴い、新たに専任の宅地建物取引士Ｆを本店に置いた場合、Ｄはその日から 30 日以内にそ の旨を丙県知事に届け出なければならない。,宅地建物取引業者Ｇ（丁県知事免許）が、その業務に関し展示会を丁県内で実施する場合、 展示会を実施する場所において売買契約の締結（予約を含む。）又は売買契約の申込みの受 付を行うときは、Ｇは展示会での業務を開始する日の 5 日前までに展示会を実施する場所に ついて丁県知事に届け出なければならない。,,3,R5;宅建業法;届出（変更・廃止等）
2023,33,宅建業法,35条/重要事項説明,宅地建物取引業法第 35 条に規定する重要事項の説明に関する次の記述のうち、 正しいものはどれか。,甲宅地を所有する宅地建物取引業者Ａが、乙宅地を所有する宅地建物取引業者ではない個 人Ｂと、甲宅地と乙宅地の交換契約を締結するに当たって、Ｂに対して、甲宅地に関する重 要事項の説明を行う義務はあるが、乙宅地に関する重要事項の説明を行う義務はない。,宅地の売買における当該宅地の引渡しの時期について、重要事項説明において説明しなけ ればならない。,宅地建物取引業者が売主となる宅地の売買に関し、売主が買主から受領しようとする金銭 のうち、買主への所有権移転の登記以後に受領するものに対して、宅地建物取引業法施行規 則第 16 条の 4 に定める保全措置を講ずるかどうかについて、重要事項説明書に記載する必 要がある。,重要事項説明書の電磁的方法による提供については、重要事項説明を受ける者から電磁的 方法でよいと口頭で依頼があった場合、改めて電磁的方法で提供することについて承諾を得 る必要はない。,,3,R5;宅建業法;35条/重要事項説明
2023,34,宅建業法,報酬規程（賃貸）,"宅地建物取引業者Ａ（消費税課税事業者）は貸主Ｂから建物の貸借の媒介の依頼 を受け、宅地建物取引業者Ｃ（消費税課税事業者）は借主Ｄから建物の貸借の媒介の依頼を受 け、ＢとＤとの間で、 1 か月分の借賃を 12 万円（消費税等相当額を含まない。）とする賃貸借 契約（以下この問において「本件契約」という。）を成立させた場合における次の記述のうち、 宅地建物取引業法の規定に違反するものはいくつあるか。 ア　本件契約が建物を住居として貸借する契約である場合に、Ｃは、媒介の依頼を受けるに当 たってＤから承諾を得ないまま、132,000 円の報酬を受領した。 イ　ＡはＢから事前に特別な広告の依頼があったので、依頼に基づく大手新聞掲載広告料金に 相当する額をＢに請求し、受領した。 ウ　ＣはＤに対し、賃貸借契約書の作成費を、Ｄから限度額まで受領した媒介報酬の他に請求 して受領した。 エ　本件契約が建物を事務所として貸借する契約である場合に、報酬として、ＡはＢから 132,000 円を、ＣはＤから 132,000 円をそれぞれ受領した。",一つ,二つ,三つ,四つ,,3,R5;宅建業法;報酬規程（賃貸）
2023,35,宅建業法,クーリング・オフ,宅地建物取引業者Ａが、自ら売主として、宅地建物取引業者ではない買主Ｂから 宅地の買受けの申込みを受けた場合における宅地建物取引業法第 37 条の 2 の規定に基づくい わゆるクーリング・オフに関する次の記述のうち、正しいものはどれか。,Ａは、仮設テント張りの案内所でＢから買受けの申込みを受けた際、以後の取引について、 その取引に係る書類に関してＢから電磁的方法で提供をすることについての承諾を得た場合、 クーリング・オフについて電磁的方法で告げることができる。,Ａが、仮設テント張りの案内所でＢから買受けの申込みを受けた場合、Ｂは、クーリン グ・オフについて告げられた日から 8 日以内に電磁的方法により当該申込みの撤回を申し出 れば、申込みの撤回を行うことができる。,Ａが、Ａの事務所でＢから買受けの申込みを受けた場合、Ｂは、申込みの日から 8 日以内 に電磁的方法により当該申込みの撤回を申し出れば、申込みの撤回を行うことができる。,Ａが、売却の媒介を依頼している宅地建物取引業者Ｃの事務所でＢから買受けの申込みを 受けた場合、Ｂは、申込みの日から 8 日以内に書面により当該申込みの撤回を申し出ても、 申込みの撤回を行うことができない。,,3,R5;宅建業法;クーリング・オフ
2023,36,宅建業法,業務規律・帳簿,次の記述のうち、宅地建物取引業者Ａが行う業務に関して宅地建物取引業法の規 定に違反するものはいくつあるか。 ア　建物の貸借の媒介に際して、賃借の申込みをした者がその撤回を申し出たので、Ａはか かった諸費用を差し引いて預り金を返還した。 イ　Ａは、売主としてマンションの売買契約を締結するに際して、買主が手付として必要な額 を今すぐには用意できないと申し出たので、手付金の分割払いを買主に提案した。 ウ　Ａは取引のあったつど、その年月日やその取引に係る宅地又は建物の所在及び面積その他 必要な記載事項を帳簿に漏らさず記載し、必要に応じて紙面にその内容を表示できる状態で、 電子媒体により帳簿の保存を行っている。 エ　Ａはアンケート調査を装ってその目的がマンションの売買の勧誘であることを告げずに個 人宅を訪問し、マンションの売買の勧誘をした。,一つ,二つ,三つ,四つ,,3,R5;宅建業法;業務規律・帳簿
2023,37,宅建業法,証明書/従業者名簿,次の記述のうち、宅地建物取引業法の規定によれば、正しいものはどれか。,宅地建物取引業者は、非常勤役員には従業者であることを証する証明書を携帯させる必要 はない。,宅地建物取引業者は、その事務所ごとに従業者名簿を備えなければならないが、取引の関 係者から閲覧の請求があった場合であっても、宅地建物取引業法第 45 条に規定する秘密を 守る義務を理由に、閲覧を拒むことができる。,宅地建物取引業者の従業者は、宅地の買受けの申込みをした者から請求があった場合には、 その者が宅地建物取引業者であっても、その者に従業者であることを証する証明書を提示す る必要がある。,宅地建物取引業者は、従業者名簿を最終の記載をした日から 5 年間保存しなければならな い。,,3,R5;宅建業法;証明書/従業者名簿
2023,38,宅建業法,宅建業該当性/宅建士定義,次の記述のうち、宅地建物取引業法の規定によれば、正しいものはいくつあるか。 ア　宅地建物取引業者Ａが、自ら所有する複数の建物について、複数人に対し、反復継続して 賃貸する行為は、宅地建物取引業に該当しない。 イ　宅地建物取引士とは、宅地建物取引士資格試験に合格し、都道府県知事の登録を受けた者 をいう。 ウ　建設業者Ｂが、建築請負工事の受注を目的として、業として宅地の売買の媒介を行う行為 は、宅地建物取引業に該当しない。 エ　宅地建物取引士は、宅地又は建物の取引に係る事務に必要な知識及び能力の維持向上に努 めなければならない。,一つ,二つ,三つ,四つ,,3,R5;宅建業法;宅建業該当性/宅建士定義
2023,39,宅建業法,手付金等保全措置,宅地建物取引業者Ａが、自ら売主として、宅地建物取引業者ではない個人Ｂとの 間で宅地の売買契約を締結する場合における手付金の保全措置に関する次の記述のうち、宅地 建物取引業法の規定によれば、正しいものはどれか。なお、当該契約に係る手付金は保全措置 が必要なものとする。,Ａは、Ｂから手付金を受領した後に、速やかに手付金の保全措置を講じなければならない。,Ａは、手付金の保全措置を保証保険契約を締結することにより講ずる場合、保険期間は保 証保険契約が成立した時から宅地建物取引業者が受領した手付金に係る宅地の引渡しまでの 期間とすればよい。,Ａは、手付金の保全措置を保証保険契約を締結することにより講ずる場合、保険事業者と の間において保証保険契約を締結すればよく、保険証券をＢに交付する必要はない。,Ａは、手付金の保全措置を保証委託契約を締結することにより講ずるときは、保証委託契 約に基づいて銀行等が手付金の返還債務を連帯して保証することを約する書面のＢへの交付 に代えて、Ｂの承諾を得ることなく電磁的方法により講ずることができる。,,3,R5;宅建業法;手付金等保全措置
2023,40,宅建業法,専任媒介契約,宅地建物取引業者Ａが、ＢからＢ所有の中古住宅の売却の依頼を受け、専任媒介 契約（専属専任媒介契約ではないものとする。）を締結した場合に関する次の記述のうち、宅 地建物取引業法（以下この問において「法」という。）の規定によれば、正しいものはどれか。,Ａは、当該中古住宅について購入の申込みがあったときは、遅滞なく、その旨をＢに報告 しなければならないが、Ｂの希望条件を満たさない申込みだとＡが判断した場合については 報告する必要はない。,Ａは、法第 34 条の 2 第 1 項の規定に基づく書面の交付後、速やかに、Ｂに対し、法第 34 条の 2 第 1 項第 4 号に規定する建物状況調査を実施する者のあっせんの有無について確認し なければならない。,Ａは、当該中古住宅について法で規定されている事項を、契約締結の日から休業日数を含 め 7 日以内に指定流通機構へ登録する義務がある。,Ａは、Ｂが他の宅地建物取引業者の媒介又は代理によって売買の契約を成立させたときの 措置を法第 34 条の 2 第 1 項の規定に基づく書面に記載しなければならない。,,3,R5;宅建業法;専任媒介契約
2023,41,宅建業法,宅建士/監督・登録消除,次の記述のうち、宅地建物取引業法の規定によれば、正しいものはどれか。,甲県知事は、宅地建物取引士に対して必要な報告を求めることができるが、その対象は、 甲県知事登録の宅地建物取引士であって、適正な事務の遂行を確保するために必要な場合に 限られる。,宅地建物取引業者Ａ（甲県知事免許）で専任の宅地建物取引士として従事しているＢ（甲 県知事登録）が、勤務実態のない宅地建物取引業者Ｃ（乙県知事免許）において、自らが専 任の宅地建物取引士である旨の表示がされていることを許した場合には、乙県知事は、Ｂに 対し、必要な指示をすることができる。,宅地建物取引士が不正の手段により宅地建物取引士証の交付を受けた場合においては、そ の登録をしている都道府県知事は、情状が特に重いときは、当該宅地建物取引士の登録を消 除することができる。,都道府県知事は、宅地建物取引士に対して登録消除処分を行ったときは、適切な方法で公 告しなければならない。,,3,R5;宅建業法;宅建士/監督・登録消除
2023,42,宅建業法,35条/説明の可否（誤り数）,宅地建物取引業法第 35 条に規定する重要事項の説明に関する次の記述のうち、 誤っているものはいくつあるか。 ア　宅地建物取引士は、重要事項説明をする場合、取引の相手方から請求されなければ、宅地 建物取引士証を相手方に提示する必要はない。 イ　売主及び買主が宅地建物取引業者ではない場合、当該取引の媒介業者は、売主及び買主に 重要事項説明書を交付し、説明を行わなければならない。 ウ　宅地の売買について売主となる宅地建物取引業者は、買主が宅地建物取引業者である場合、 重要事項説明書を交付しなければならないが、説明を省略することはできる。 エ　宅地建物取引業者である売主は、宅地建物取引業者ではない買主に対して、重要事項とし て代金並びにその支払時期及び方法を説明しなければならない。,一つ,二つ,三つ,四つ,,3,R5;宅建業法;35条/説明の可否（誤り数）
2023,43,宅建業法,37条書面,宅地建物取引業者Ａが媒介により宅地の売買契約を成立させた場合における宅地 建物取引業法第 37 条の規定により交付すべき書面（以下この問において「37 条書面」とい う。）に関する次の記述のうち、正しいものはどれか。,Ａは、買主が宅地建物取引業者であるときは、37 条書面に移転登記の申請時期を記載し なくてもよい。,Ａは、37 条書面を売買契約成立前に、各当事者に交付しなければならない。,Ａは、37 条書面を作成したときは、専任の宅地建物取引士をして 37 条書面に記名させる 必要がある。,Ａは、天災その他不可抗力による損害の負担に関する定めがあるときは、その内容を 37 条書面に記載しなければならない。,,3,R5;宅建業法;37条書面
2023,44,宅建業法,保証協会,宅地建物取引業保証協会（以下この問において「保証協会」という。）に関する 次の記述のうち、宅地建物取引業法の規定によれば、正しいものはどれか。,保証協会の社員は、自らが取り扱った宅地建物取引業に係る取引の相手方から当該取引に 関する苦情について解決の申出が保証協会にあり、保証協会から関係する資料の提出を求め られたときは、正当な理由がある場合でなければ、これを拒んではならない。,保証協会は、社員がその一部の事務所を廃止したことに伴って弁済業務保証金分担金を当 該社員に返還しようとするときは、弁済業務保証金の還付請求権者に対し、一定期間内に認 証を受けるため申し出るべき旨の公告を行わなければならない。,保証協会は、宅地建物取引業者の相手方から、社員である宅地建物取引業者の取り扱った 宅地建物取引業に係る取引に関する損害の還付請求を受けたときは、直ちに弁済業務保証金 から返還しなければならない。,保証協会は、手付金等保管事業について国土交通大臣の承認を受けた場合、社員が自ら売 主となって行う宅地又は建物の売買で、宅地の造成又は建築に関する工事の完了前における 買主からの手付金等の受領について、当該事業の対象とすることができる。,,3,R5;宅建業法;保証協会
2023,45,宅建業法,住宅瑕疵担保履行法,宅地建物取引業者Ａが、自ら売主として、宅地建物取引業者ではない買主Ｂに新 築住宅を販売する場合に関する次の記述のうち、特定住宅瑕疵担保責任の履行の確保等に関す る法律の規定によれば、正しいものはどれか。,Ａが信託会社又は金融機関の信託業務の兼営等に関する法律第 1 条第 1 項の認可を受けた (cid:12681) 金融機関であって、宅地建物取引業を営むものである場合、住宅販売瑕 (cid:12695) 疵 担保保証金の供託 (cid:12681) 又は住宅販売瑕 (cid:12695) 疵 担保責任保険契約の締結を行う義務を負わない。 (cid:12681),Ａは、住宅販売瑕 (cid:12695) 疵 担保保証金の供託をする場合、当該住宅の売買契約を締結するまでに、 Ｂに対し供託所の所在地等について、必ず書面を交付して説明しなければならず、買主の承 諾を得ても書面の交付に代えて電磁的方法により提供することはできない。 (cid:12681),Ａは、住宅販売瑕 (cid:12695) 疵 担保保証金の供託をする場合、当該住宅の最寄りの供託所へ住宅販売 (cid:12681) があってもＡが瑕 (cid:12695) 疵 担保保証金の供託 (cid:12695) 疵 (cid:12681) 瑕 (cid:12695) 疵 担保保証金の供託をしなければならない。 (cid:12681),ＡＢ間の売買契約において、当該住宅の構造耐力上主要な部分に瑕 (cid:12695) 疵 (cid:12681) 担保責任を負わない旨の特約があった場合においても、Ａは住宅販売瑕 (cid:12681) 又は住宅販売瑕 (cid:12695) 疵 担保責任保険契約の締結を行う義務を負う。,,3,R5;宅建業法;住宅瑕疵担保履行法
2023,46,その他,住宅金融支援機構,独立行政法人住宅金融支援機構（以下この問において「機構」という。）に関す る次の記述のうち、誤っているものはどれか。,機構は、子どもを育成する家庭又は高齢者の家庭（単身の世帯を含む。）に適した良好な 居住性能及び居住環境を有する賃貸住宅の建設に必要な資金の貸付けを業務として行ってい る。,機構は、証券化支援事業（買取型）において、新築住宅に対する貸付債権のみを買取りの 対象としている。,機構は、証券化支援事業（買取型）において、ＺＥＨ（ネット・ゼロ・エネルギーハウ ス）及び省エネルギー性、耐震性、バリアフリー性、耐久性・可変性に優れた住宅を取得す る場合に、貸付金の利率を一定期間引き下げる制度を実施している。,機構は、マンション管理組合や区分所有者に対するマンション共用部分の改良に必要な資 金の貸付けを業務として行っている。,,3,R5;その他;住宅金融支援機構
2023,47,その他,景表法・公正競争規約,宅地建物取引業者が行う広告に関する次の記述のうち、不当景品類及び不当表示 防止法（不動産の表示に関する公正競争規約を含む。）の規定によれば、正しいものはどれか。,実際には取引する意思がない物件であっても実在するものであれば、当該物件を広告に掲 載しても不当表示に問われることはない。,直線距離で 50 m 以内に街道が存在する場合、物件名に当該街道の名称を用いることがで きる。,物件の近隣に所在するスーパーマーケットを表示する場合は、物件からの自転車による所 要時間を明示しておくことで、徒歩による所要時間を明示する必要がなくなる。,一棟リノベーションマンションについては、一般消費者に対し、初めて購入の申込みの勧 誘を行う場合であっても、「新発売」との表示を行うことはできない。,,3,R5;その他;景表法・公正競争規約
2023,48,その他,統計,次の記述のうち、誤っているものはどれか。,令和 3 年度宅地建物取引業法の施行状況調査（令和 4 年 9 月公表）によれば、令和 4 年 3 月末における宅地建物取引業者の全事業者数は 14 万業者を超え、 8 年連続で増加した。,令和 5 年地価公示（令和 5 年 3 月公表）によれば、令和 4 年 1 月以降の 1 年間の地価につ いて、地方圏平均では、全用途平均、住宅地、商業地のいずれも 2 年連続で上昇し、工業地 は 6 年連続で上昇した。,建築着工統計調査報告（令和 4 年計。令和 5 年 1 月公表）によれば、令和 4 年の民間非居 住建築物の着工床面積は、前年と比較すると、工場及び倉庫は増加したが、事務所及び店舗 が減少したため、全体で減少となった。,年次別法人企業統計調査（令和 3 年度。令和 4 年 9 月公表）によれば、令和 3 年度におけ る不動産業の売上高営業利益率は 11.1 ％ と 2 年連続で前年度と比べ上昇し、売上高経常利 益率も 12.5 ％ と 2 年連続で前年度と比べ上昇した。,,3,R5;その他;統計
2023,49,その他,土地,土地に関する次の記述のうち、最も不適当なものはどれか。,自然堤防の後背湿地側の縁は、砂が緩く堆積していて、地下水位も浅いため、地震時に液 状化被害が生じやすい地盤である。,谷底低地に軟弱層が厚く堆積している所では、地震動が凝縮されて、震動が小さくなる。,1923 年の関東地震の際には、東京の谷底低地で多くの水道管や建物が被害を受けた。,大都市の近郊の丘陵地では、丘を削り谷部に盛土し造成宅地が造られたが、盛土造成に際 しては、地下水位を下げるため排水施設を設け、締め固める等の必要がある。,,3,R5;その他;土地
2023,50,その他,建物構造,建物の構造と材料に関する次の記述のうち、最も不適当なものはどれか。,鉄筋コンクリート構造は、地震や風の力を受けても、躯 体の変形は比較的小さく、耐火性 (cid:12686) にも富んでいる。 (cid:12686),鉄筋コンクリート構造は、躯 体の断面が大きく、材料の質量が大きいので、建物の自重が 大きくなる。,鉄筋コンクリート構造では、鉄筋とコンクリートを一体化するには、断面が円形の棒鋼で ある丸鋼の方が表面に突起をつけた棒鋼である異形棒鋼より、優れている。,鉄筋コンクリート構造は、コンクリートが固まって所定の強度が得られるまでに日数がか かり、現場での施工も多いので、工事期間が長くなる。 25 受 験 番 号 ― 受 験 者 氏 名 令 和 5 年 度 問 題 令和５年度宅地建物取引士資格試験 ◆合否判定基準 ５０問中３６問以上正解 （登録講習修了者 ４５問中３１問以上正解） ◆試験問題の正解番号 問 １ 問 ２ 問 ３ 問 ４ 問 ５ 問 ６ 問 ７ 問 ８ 問 ９ 問１０ 1 1 2 4 4 3 3 3 2 3 問１１ 問１２ 問１３ 問１４ 問１５ 問１６ 問１７ 問１８ 問１９ 問２０ 4 3 2 2 4 1 3 1 1 4 問２１ 問２２ 問２３ 問２４ 問２５ 問２６ 問２７ 問２８ 問２９ 問３０ 2 1 1 4 4 3 4 3 2 1 問３１ 問３２ 問３３ 問３４ 問３５ 問３６ 問３７ 問３８ 問３９ 問４０ 4 4 1 3 4 3 3 2 2 4 問４１ 問４２ 問４３ 問４４ 問４５ 問４６ 問４７ 問４８ 問４９ 問５０ 2 3 4 1 4 2 2 1,,3,R5;その他;建物構造
